11,26.678,26.63,26.52,26.12,26.16,26.89,27.71,28.01,27.68,27.28,26.9,27.03,27.25,28.717,28.68,28.53,28.15,28.23,28.44,28.91,29.16,29.05,29.05,29.11,29.24,29.28,25.039,25.06,25.26,25.43,25.98,27.09,27.65,27.67,27.11,26.3,25.41,25.36,25.72,21.395,21.58,22.83,24.71,25.74,26.26,25.56,25.16,24.32,23.12,22.03,21.47,21.66,-0.012,0.81,0.79,-0.17,1.07,0.44,0.19,-0.8,-0.67,0.21,-2.28,1.72,-0.87,0.446,2.029,1.475,-0.969,0.044,1.206,0.972,0.464,-0.507,-0.489,-0.372,0.102,-1.134,2.91,-5.98,-0.6,-15.2,-15.4,-18.2,-6.6,-15.8,6.4,7.4,12.8,13.8,8,-0.2,19.01,19,16,10.4,16.4,19.4,25,31.4,37.4,33.4,37,32,23,5.96,7.3,-3.3,-0.7,0.8,6.8,11.8,17.3,20.5,22.6,24.3,19.3,10.1,25.21,28.5,43.8,1.1,3.9,49.3,11.4,38.2,19.1,5.5,7.5,17.9,70.4,1390.5,38.4775,47.07,1
12,26.511,26.52,26.12,26.16,26.89,27.71,28.01,27.68,27.28,26.9,27.03,27.25,27.52,28.533,28.53,28.15,28.23,28.44,28.91,29.16,29.05,29.05,29.11,29.24,29.28,29.37,25.129,25.26,25.43,25.98,27.09,27.65,27.67,27.11,26.3,25.41,25.36,25.72,26.03,22.667,22.83,24.71,25.74,26.26,25.56,25.16,24.32,23.12,22.03,21.47,21.66,22.39,0.099,0.79,-0.17,1.07,0.44,0.19,-0.8,-0.67,0.21,-2.28,1.72,-0.87,0.58,-0.122,1.475,-0.969,0.044,1.206,0.972,0.464,-0.507,-0.489,-0.372,0.102,-1.134,-0.53,3.85,-17.675,-24.4,-21,-21.2,-7.8,-15.2,3.4,6.4,9.6,11.4,6.8,0.4,-7.6,10.25,13.3,6.6,11.8,15.6,22,27.8,32.6,36,34.4,32,22.6,13.5,-1.9125,-7.1,-4.9,-2,6.2,11.3,16.9,21.7,24.7,25.2,20.7,10.5,3.6,20.225,36.9,29.9,17.4,56.2,29,51.2,6.2,1.1,7,12.2,107.8,36.3,1709.5,37.833333,46.833333,1
1,26.399,26.15,26.39,26.96,27.7,27.83,27.49,27.1,26.79,26.71,26.67,26.63,26.52,28.279,28.45,28.11,27.96,28.41,28.7,28.83,28.71,28.76,28.81,28.85,28.68,28.53,25.572,25.11,26.03,27.08,27.43,26.88,26.01,25.35,24.76,24.75,24.97,25.06,25.26,24.652,24.47,25.94,26.07,24.63,23.45,21.65,20.63,20.31,20.28,20.6,21.58,22.83,-0.144,-0.11,-0.96,-2.09,0.6,0.58,0.83,0.7,1.12,0.38,-0.88,0.81,0.79,-0.2947,-0.61,-1.007,-3.185,0.322,0.494,0.549,-0.011,0.154,-0.461,0.263,2.029,1.475,1.07,-14.12,-11.4,-6.4,-7,-2,6.4,9.2,15.8,13.2,5.6,-2,-2.6,-20,11.64,15.6,15.4,23.6,26.6,29.8,36.8,39,37.6,36.6,29.2,20.6,15.8,0.28,2.7,6,10,15.1,18.8,25.8,29.3,28,24.1,15,10,-4.3,24.92,17.1,32.9,13.6,19.9,31.1,0.3,0,0.2,0,0.1,78.5,42.1,1290,37.333333,46.05,1
1,26.399,26.15,26.39,26.96,27.7,27.83,27.49,27.1,26.79,26.71,26.67,26.63,26.52,28.279,28.45,28.11,27.96,28.41,28.7,28.83,28.71,28.76,28.81,28.85,28.68,28.53,25.572,25.11,26.03,27.08,27.43,26.88,26.01,25.35,24.76,24.75,24.97,25.06,25.26,24.652,24.47,25.94,26.07,24.63,23.45,21.65,20.63,20.31,20.28,20.6,21.58,22.83,-0.144,-0.11,-0.96,-2.09,0.6,0.58,0.83,0.7,1.12,0.38,-0.88,0.81,0.79,-0.2947,-0.61,-1.007,-3.185,0.322,0.494,0.549,-0.011,0.154,-0.461,0.263,2.029,1.475,2.52,-12.38,-10.4,-4.6,-6.8,2.4,7.2,11.6,16.8,16,8.6,1.8,0.2,-18,10.18,14.4,13.6,21.8,25.6,28.5,36,37.6,36.6,35.2,28.8,20.4,15.2,-1.37,0.4,3.9,8.1,13.3,16.6,23,26.4,25.3,21.8,13.3,8.3,-5.8,20.1,36.7,43.8,9.6,47.3,39.5,7.8,4.5,0,0.4,7.6,47.4,18,1361,38.066667,46.3,1
12,26.511,26.52,26.12,26.16,26.89,27.71,28.01,27.68,27.28,26.9,27.03,27.25,27.52,28.533,28.53,28.15,28.23,28.44,28.91,29.16,29.05,29.05,29.11,29.24,29.28,29.37,25.129,25.26,25.43,25.98,27.09,27.65,27.67,27.11,26.3,25.41,25.36,25.72,26.03,22.667,22.83,24.71,25.74,26.26,25.56,25.16,24.32,23.12,22.03,21.47,21.66,22.39,0.099,0.79,-0.17,1.07,0.44,0.19,-0.8,-0.67,0.21,-2.28,1.72,-0.87,0.58,-0.122,1.475,-0.969,0.044,1.206,0.972,0.464,-0.507,-0.489,-0.372,0.102,-1.134,-0.53,1.87,-18.76,-26.6,-24,-20.2,-7.4,-20.4,1.8,5.4,7,9.6,4.4,-2,-9.2,11,12.2,7.2,14,17.2,22.6,27.8,33.6,37.2,34.4,33.4,23,15.4,-3.32,-8.8,-5.9,-2.9,4.7,9.5,15.1,18.8,21.1,21.9,17.9,8.6,2.3,11.51,16,17,4,37,36.7,30.9,15.5,12.7,6.2,21.3,74.6,26.8,1682,37.939821,47.536938,1
5,27.868,27.83,27.49,27.1,26.79,26.71,26.67,26.63,26.52,26.12,26.16,26.89,27.71,28.868,28.7,28.83,28.71,28.76,28.81,28.85,28.68,28.53,28.15,28.23,28.44,28.91,27.214,26.88,26.01,25.35,24.76,24.75,24.97,25.06,25.26,25.43,25.98,27.09,27.65,24.301,23.45,21.65,20.63,20.31,20.28,20.6,21.58,22.83,24.71,25.74,26.26,25.56,-0.272,0.58,0.83,0.7,1.12,0.38,-0.88,0.81,0.79,-0.17,1.07,0.44,0.19,-0.011,0.494,0.549,-0.011,0.154,-0.461,0.263,2.029,1.475,-0.969,0.044,1.206,0.972,4.82,6.4,7.2,10.4,14.2,14.4,11.8,3,1.8,-14.8,-12.4,-14.6,-3.6,-5.6,28.4,27,33.2,35.2,34.4,33,26.2,17.6,12.8,9.6,15.2,16.6,23,16.01,14.9,21,24.3,23,21.3,12.2,7.6,-6.1,-2,0.6,7.3,12.2,31.78,31.9,4.3,7,0.2,0.3,2,41.2,22.5,14.1,4,39.1,16.2,1641,37.944722,46.121667,1
1,26.399,26.15,26.39,26.96,27.7,27.83,27.49,27.1,26.79,26.71,26.67,26.63,26.52,28.279,28.45,28.11,27.96,28.41,28.7,28.83,28.71,28.76,28.81,28.85,28.68,28.53,25.572,25.11,26.03,27.08,27.43,26.88,26.01,25.35,24.76,24.75,24.97,25.06,25.26,24.652,24.47,25.94,26.07,24.63,23.45,21.65,20.63,20.31,20.28,20.6,21.58,22.83,-0.144,-0.11,-0.96,-2.09,0.6,0.58,0.83,0.7,1.12,0.38,-0.88,0.81,0.79,-0.2947,-0.61,-1.007,-3.185,0.322,0.494,0.549,-0.011,0.154,-0.461,0.263,2.029,1.475,2.65,-5.5,-11,-4,-6,2,8.4,11.2,17.6,16.2,10.8,2.4,1.6,-15.4,6.6,13.2,13.6,21.6,25.6,28.2,35.6,37.8,36.6,35.6,29,19.7,13.4,1.35,1.7,5.1,9,14.3,18,24.6,28.2,27.1,23.8,14.6,9.9,-4.1,21.05,42,18,26.5,34.3,32.4,9.4,1,0,0.1,2.7,40.1,26.4,1380,38.2,45.733333,1
4,27.712,27.7,27.83,27.49,27.1,26.79,26.71,26.67,26.63,26.52,26.12,26.16,26.89,28.565,28.41,28.7,28.83,28.71,28.76,28.81,28.85,28.68,28.53,28.15,28.23,28.44,27.566,27.43,26.88,26.01,25.35,24.76,24.75,24.97,25.06,25.26,25.43,25.98,27.09,25.456,24.63,23.45,21.65,20.63,20.31,20.28,20.6,21.58,22.83,24.71,25.74,26.26,0.28,0.6,0.58,0.83,0.7,1.12,0.38,-0.88,0.81,0.79,-0.17,1.07,0.44,0.3032,0.322,0.494,0.549,-0.011,0.154,-0.461,0.263,2.029,1.475,-0.969,0.044,1.206,1.5,1.2,2.4,9.4,12.6,17.4,16,10.2,2.8,2.2,-14.6,-12.6,-9.8,0,13,26,28.8,36.2,38.4,37,36,28.8,19.6,15,11.8,17.2,19.8,7.7,15.4,18.9,25.8,29.2,27.9,24.7,15.6,9.8,-3.8,0.4,4,10.9,13.95,27.9,44.2,0.1,0,0,0,0.3,101.8,44.1,12.1,1,41.3,1380,37.4775,45.894167,1
4,27.712,27.7,27.83,27.49,27.1,26.79,26.71,26.67,26.63,26.52,26.12,26.16,26.89,28.565,28.41,28.7,28.83,28.71,28.76,28.81,28.85,28.68,28.53,28.15,28.23,28.44,27.566,27.43,26.88,26.01,25.35,24.76,24.75,24.97,25.06,25.26,25.43,25.98,27.09,25.456,24.63,23.45,21.65,20.63,20.31,20.28,20.6,21.58,22.83,24.71,25.74,26.26,0.28,0.6,0.58,0.83,0.7,1.12,0.38,-0.88,0.81,0.79,-0.17,1.07,0.44,0.3032,0.322,0.494,0.549,-0.011,0.154,-0.461,0.263,2.029,1.475,-0.969,0.044,1.206,3.68,-0.5,1.6,7.6,11.6,16.4,16.6,9.2,2.8,1.6,-17.6,-13.6,-11,-0.2,25.14,25.6,29.4,36.4,38.4,37,35.8,28.8,20.2,16.2,11.8,17.2,19.4,12.42,13.1,16.8,23.4,26.9,26,21.8,13.7,9,-5,-0.5,1.7,8.8,56.65,20.6,18.4,0,0,1,0,0.2,59,34.5,16.4,3,44.4,1477.7,37.389167,46.2375,1
2,26.588,26.39,26.96,27.7,27.83,27.49,27.1,26.79,26.71,26.67,26.63,26.52,26.12,28.098,28.11,27.96,28.41,28.7,28.83,28.71,28.76,28.81,28.85,28.68,28.53,28.15,26.375,26.03,27.08,27.43,26.88,26.01,25.35,24.76,24.75,24.97,25.06,25.26,25.43,26.185,25.94,26.07,24.63,23.45,21.65,20.63,20.31,20.28,20.6,21.58,22.83,24.71,-0.638,-0.96,-2.09,0.6,0.58,0.83,0.7,1.12,0.38,-0.88,0.81,0.79,-0.17,-0.773,-1.007,-3.185,0.322,0.494,0.549,-0.011,0.154,-0.461,0.263,2.029,1.475,-0.969,1.67,-10.02,-5.6,-7.2,0.8,8,10.2,14.6,15,10,2.2,1.2,-16.2,-14.2,11.48,11.8,19.2,23.8,26.6,33.2,35.2,33.8,32.6,26.8,16.8,13.2,9.6,0.68,2.8,7.8,13.2,16.1,22,25.7,24.6,22.2,12.9,8.4,-6,-2.1,33.24,34.5,62.8,30.8,46.7,60.6,3.8,12,1,8,63.8,64.4,31.5,1550,38.483333,45.716667,1
11,26.678,26.63,26.52,26.12,26.16,26.89,27.71,28.01,27.68,27.28,26.9,27.03,27.25,28.717,28.68,28.53,28.15,28.23,28.44,28.91,29.16,29.05,29.05,29.11,29.24,29.28,25.039,25.06,25.26,25.43,25.98,27.09,27.65,27.67,27.11,26.3,25.41,25.36,25.72,21.395,21.58,22.83,24.71,25.74,26.26,25.56,25.16,24.32,23.12,22.03,21.47,21.66,-0.012,0.81,0.79,-0.17,1.07,0.44,0.19,-0.8,-0.67,0.21,-2.28,1.72,-0.87,0.446,2.029,1.475,-0.969,0.044,1.206,0.972,0.464,-0.507,-0.489,-0.372,0.102,-1.134,0.86,-3.22,0.8,-11.2,-9,-12.2,-0.6,-8.8,9,12,15,18.2,11,4.8,21.02,20.4,17.8,13,17.6,21.8,28.4,34,41.2,43.4,40.8,37.8,30,7.66,9.1,-0.5,1.3,2,9.3,14.4,20.4,25.3,27.9,28.9,24.2,14,31.64,35.5,21.6,6.4,6.7,66.4,22.5,59.4,18.7,5,0,3,38.6,1110,37.416667,47.7,1
12,26.511,26.52,26.12,26.16,26.89,27.71,28.01,27.68,27.28,26.9,27.03,27.25,27.52,28.533,28.53,28.15,28.23,28.44,28.91,29.16,29.05,29.05,29.11,29.24,29.28,29.37,25.129,25.26,25.43,25.98,27.09,27.65,27.67,27.11,26.3,25.41,25.36,25.72,26.03,22.667,22.83,24.71,25.74,26.26,25.56,25.16,24.32,23.12,22.03,21.47,21.66,22.39,0.099,0.79,-0.17,1.07,0.44,0.19,-0.8,-0.67,0.21,-2.28,1.72,-0.87,0.58,-0.122,1.475,-0.969,0.044,1.206,0.972,0.464,-0.507,-0.489,-0.372,0.102,-1.134,-0.53,0.59,-10.08,-11.2,-9,-12.2,-0.6,-8.8,9,12,15,18.2,11,4.8,-3.2,14.52,17.8,13,17.6,21.8,28.4,34,41.2,43.4,40.8,37.8,30,17.4,1.32,-0.5,1.3,2,9.3,14.4,20.4,25.3,27.9,28.9,24.2,14,6.3,19.78,21.6,6.4,6.7,66.4,22.5,59.4,18.7,5,0,3,38.6,24.9,1110,37.416667,47.7,1
7,27.263,27.1,26.79,26.71,26.67,26.63,26.52,26.12,26.16,26.89,27.71,28.01,27.68,28.817,28.71,28.76,28.81,28.85,28.68,28.53,28.15,28.23,28.44,28.91,29.16,29.05,25.82,25.35,24.76,24.75,24.97,25.06,25.26,25.43,25.98,27.09,27.65,27.67,27.11,21.83,20.63,20.31,20.28,20.6,21.58,22.83,24.71,25.74,26.26,25.56,25.16,24.32,-0.475,0.7,1.12,0.38,-0.88,0.81,0.79,-0.17,1.07,0.44,0.19,-0.8,-0.67,-0.2241,-0.011,0.154,-0.461,0.263,2.029,1.475,-0.969,0.044,1.206,0.972,0.464,-0.507,3.783333333,10.03333333,10.6,9,7.2,-1.8,-2,-15.6,-16,-20.6,-6,-12,6,6.2,32.73333333,33.2,31.8,31,24.4,14.2,10.8,5.2,11.2,15,20.4,25.8,32.2,22.03333333,21.7,20.7,19.5,10.4,5.3,-4.3,-3.6,-1.9,4.9,9.7,15.4,20,13.76666667,0,11.4,0,14.2,57.1,43.4,14.4,7.5,67,33.4,55.8,8.5,1825,38.233333,46.833333,1
4,27.712,27.7,27.83,27.49,27.1,26.79,26.71,26.67,26.63,26.52,26.12,26.16,26.89,28.565,28.41,28.7,28.83,28.71,28.76,28.81,28.85,28.68,28.53,28.15,28.23,28.44,27.566,27.43,26.88,26.01,25.35,24.76,24.75,24.97,25.06,25.26,25.43,25.98,27.09,25.456,24.63,23.45,21.65,20.63,20.31,20.28,20.6,21.58,22.83,24.71,25.74,26.26,0.28,0.6,0.58,0.83,0.7,1.12,0.38,-0.88,0.81,0.79,-0.17,1.07,0.44,0.3032,0.322,0.494,0.549,-0.011,0.154,-0.461,0.263,2.029,1.475,-0.969,0.044,1.206,1.95,2.4,2.8,4.2,7.6,12,12.8,6.8,1,-2.4,-19.4,-20,-12.2,-5.8,29,30,32.2,37,39.4,38,37,29.6,19.8,10,12,18,22.2,16.7,16.5,19.6,24.2,27.3,26.8,22.7,13.8,8.9,-6.7,-5,2.7,10.7,32.5,35,77.6,62,0,0,2.6,3.8,19.4,12,15,1,18.8,750,39.348056,45.071111,1
4,27.712,27.7,27.83,27.49,27.1,26.79,26.71,26.67,26.63,26.52,26.12,26.16,26.89,28.565,28.41,28.7,28.83,28.71,28.76,28.81,28.85,28.68,28.53,28.15,28.23,28.44,27.566,27.43,26.88,26.01,25.35,24.76,24.75,24.97,25.06,25.26,25.43,25.98,27.09,25.456,24.63,23.45,21.65,20.63,20.31,20.28,20.6,21.58,22.83,24.71,25.74,26.26,0.28,0.6,0.58,0.83,0.7,1.12,0.38,-0.88,0.81,0.79,-0.17,1.07,0.44,0.3032,0.322,0.494,0.549,-0.011,0.154,-0.461,0.263,2.029,1.475,-0.969,0.044,1.206,2.9125,-0.1375,-1,7,10,13,11.6,7.4,0,0.4,-15,-12,-14.8,0.6,21.925,26,29,38,40,38,37.8,29.2,21.8,16,12.2,15.8,19.8,11.9625,14.1,18,24.9,28.5,26.7,24.2,15.1,10.1,-2.9,0.8,2.1,9.4,58.6875,46.8,45.4,0,37,0.1,0,5.7,79.3,67.4,29.6,14.8,64.7,1406,36.679167,46.566944,1
12,26.511,26.52,26.12,26.16,26.89,27.71,28.01,27.68,27.28,26.9,27.03,27.25,27.52,28.533,28.53,28.15,28.23,28.44,28.91,29.16,29.05,29.05,29.11,29.24,29.28,29.37,25.129,25.26,25.43,25.98,27.09,27.65,27.67,27.11,26.3,25.41,25.36,25.72,26.03,22.667,22.83,24.71,25.74,26.26,25.56,25.16,24.32,23.12,22.03,21.47,21.66,22.39,0.099,0.79,-0.17,1.07,0.44,0.19,-0.8,-0.67,0.21,-2.28,1.72,-0.87,0.58,-0.122,1.475,-0.969,0.044,1.206,0.972,0.464,-0.507,-0.489,-0.372,0.102,-1.134,-0.53,1.32,-10.62,-19.6,-16.6,-11.6,-5.2,-5,8.8,11.4,18,18.8,10,4.6,-2.6,11.64,14.8,12.6,16.2,19.8,26.8,31,37.6,39,38.6,35.4,24.8,16.4,-0.11,-7.2,-2.9,2.8,9.5,14.9,20.5,24.6,28.2,29.8,23.9,13.9,6.6,13.11,20.8,9.1,5.9,31.1,40.2,51.2,20.2,13.9,0.5,7.2,32.4,55.6,1095,38.891389,45.025556,1
11,26.678,26.63,26.52,26.12,26.16,26.89,27.71,28.01,27.68,27.28,26.9,27.03,27.25,28.717,28.68,28.53,28.15,28.23,28.44,28.91,29.16,29.05,29.05,29.11,29.24,29.28,25.039,25.06,25.26,25.43,25.98,27.09,27.65,27.67,27.11,26.3,25.41,25.36,25.72,21.395,21.58,22.83,24.71,25.74,26.26,25.56,25.16,24.32,23.12,22.03,21.47,21.66,-0.012,0.81,0.79,-0.17,1.07,0.44,0.19,-0.8,-0.67,0.21,-2.28,1.72,-0.87,0.446,2.029,1.475,-0.969,0.044,1.206,0.972,0.464,-0.507,-0.489,-0.372,0.102,-1.134,1.65,-2.125,0.2,-16.6,-13.6,-12,-4.2,-3.4,8.2,12.4,13.6,15.6,9.8,2,17.3,17.2,15,11.2,14.4,19.4,26.8,28.6,36.4,37.6,35.2,33.4,22.8,7.4,8.9,-3.9,-1,2.7,9.6,14.4,20.3,25.2,27.7,28.6,23.7,13.4,47.85,95,29.7,22.6,1,53,20.9,29.1,11,0,0.1,3,141.3,1500,37.8833333,45.1666666,1
1,26.399,26.15,26.39,26.96,27.7,27.83,27.49,27.1,26.79,26.71,26.67,26.63,26.52,28.279,28.45,28.11,27.96,28.41,28.7,28.83,28.71,28.76,28.81,28.85,28.68,28.53,25.572,25.11,26.03,27.08,27.43,26.88,26.01,25.35,24.76,24.75,24.97,25.06,25.26,24.652,24.47,25.94,26.07,24.63,23.45,21.65,20.63,20.31,20.28,20.6,21.58,22.83,-0.144,-0.11,-0.96,-2.09,0.6,0.58,0.83,0.7,1.12,0.38,-0.88,0.81,0.79,-0.2947,-0.61,-1.007,-3.185,0.322,0.494,0.549,-0.011,0.154,-0.461,0.263,2.029,1.475,2.06,-14.36,-12.6,-5,-7,0,4.4,8.2,11.2,10,4.6,-1,-1.6,-22,11.1,14,16.4,24.4,26,27.6,35,37.6,36.6,35.6,28.6,20.6,16.4,-0.13,2.2,6.2,10,15,17.9,24.2,27.1,25.6,23.4,14.6,10.2,-4.2,33.96,62.3,22.7,23.3,21.4,64.3,0.2,0,0,0,1.6,76.8,67,1299,36.95,45.4,1
11,26.678,26.63,26.52,26.12,26.16,26.89,27.71,28.01,27.68,27.28,26.9,27.03,27.25,28.717,28.68,28.53,28.15,28.23,28.44,28.91,29.16,29.05,29.05,29.11,29.24,29.28,25.039,25.06,25.26,25.43,25.98,27.09,27.65,27.67,27.11,26.3,25.41,25.36,25.72,21.395,21.58,22.83,24.71,25.74,26.26,25.56,25.16,24.32,23.12,22.03,21.47,21.66,-0.012,0.81,0.79,-0.17,1.07,0.44,0.19,-0.8,-0.67,0.21,-2.28,1.72,-0.87,0.446,2.029,1.475,-0.969,0.044,1.206,0.972,0.464,-0.507,-0.489,-0.372,0.102,-1.134,3.21,-8.7,-2.6,-20.6,-18,-23,-7.6,-14.4,3,6.2,6.6,9.2,3.2,-0.8,20.24,19.4,16.8,11.8,15.6,19.2,26.6,29.8,38.2,31.6,35.6,30.4,23.4,5.65,6.7,-4.2,-1.1,-1.1,5.2,10.3,16.3,17.6,19.1,20.8,16.5,9.2,30.44,35.1,32.1,5.7,21,20.4,19.7,27.9,15.3,6,0.4,7.4,90.7,1332,38.2514,48.2973,1
2,26.588,26.39,26.96,27.7,27.83,27.49,27.1,26.79,26.71,26.67,26.63,26.52,26.12,28.098,28.11,27.96,28.41,28.7,28.83,28.71,28.76,28.81,28.85,28.68,28.53,28.15,26.375,26.03,27.08,27.43,26.88,26.01,25.35,24.76,24.75,24.97,25.06,25.26,25.43,26.185,25.94,26.07,24.63,23.45,21.65,20.63,20.31,20.28,20.6,21.58,22.83,24.71,-0.638,-0.96,-2.09,0.6,0.58,0.83,0.7,1.12,0.38,-0.88,0.81,0.79,-0.17,-0.773,-1.007,-3.185,0.322,0.494,0.549,-0.011,0.154,-0.461,0.263,2.029,1.475,-0.969,4.5,-3.64,1,-2,4.2,7.8,15,17.2,16.8,13.4,4.8,3,-3.2,-5,19.68,16,29.4,28.4,31.4,36,36.2,35.2,34.4,31.8,20.4,20.6,18.6,5.48,8,10.8,14.6,21.6,27,28.6,27.1,23.5,16.3,12.5,4,5.4,41.53,45.8,20.6,18.9,38,18.7,30,3.2,29.7,24.8,6.5,38.6,29.6,83,39.366667,47.966667,1
12,26.511,26.52,26.12,26.16,26.89,27.71,28.01,27.68,27.28,26.9,27.03,27.25,27.52,28.533,28.53,28.15,28.23,28.44,28.91,29.16,29.05,29.05,29.11,29.24,29.28,29.37,25.129,25.26,25.43,25.98,27.09,27.65,27.67,27.11,26.3,25.41,25.36,25.72,26.03,22.667,22.83,24.71,25.74,26.26,25.56,25.16,24.32,23.12,22.03,21.47,21.66,22.39,0.099,0.79,-0.17,1.07,0.44,0.19,-0.8,-0.67,0.21,-2.28,1.72,-0.87,0.58,-0.122,1.475,-0.969,0.044,1.206,0.972,0.464,-0.507,-0.489,-0.372,0.102,-1.134,-0.53,3.88,-3.18,-3.2,-5,-15.2,0.2,-1.4,9.8,13.6,17.6,17.4,13.9,5.8,0.6,17.9,20.6,18.6,23.8,25.2,28.4,36,37.4,37.8,40.6,35.6,28.6,19.5,5.97,4,5.4,4.3,10,15.3,24.6,27.5,29.7,31.7,25.1,15.3,9.9,32.08,38.6,29.6,25.5,29.3,2.1,17.1,15.9,0,0,12.2,67.2,73.2,83,39.366667,47.966667,1
6,27.667,27.49,27.1,26.79,26.71,26.67,26.63,26.52,26.12,26.16,26.89,27.71,28.01,28.914,28.83,28.71,28.76,28.81,28.85,28.68,28.53,28.15,28.23,28.44,28.91,29.16,26.578,26.01,25.35,24.76,24.75,24.97,25.06,25.26,25.43,25.98,27.09,27.65,27.67,22.976,21.65,20.63,20.31,20.28,20.6,21.58,22.83,24.71,25.74,26.26,25.56,25.16,-0.511,0.83,0.7,1.12,0.38,-0.88,0.81,0.79,-0.17,1.07,0.44,0.19,-0.8,-0.2538,0.549,-0.011,0.154,-0.461,0.263,2.029,1.475,-0.969,0.044,1.206,0.972,0.464,3.39,3.8,3,7.4,7,2,-4,-4.2,-18.8,-17,-18.6,-7.8,-18,1.2,30.26,27.8,35.6,33,31.6,25.4,16.4,12.6,8.6,13.2,15.8,22.6,27.4,17.37,17.1,19.6,18.6,17.2,8.7,4.9,-4.2,-2.1,-2.2,4.3,9.8,15,19.52,0.2,0,3.4,2,15.1,48.4,41.7,9,23,65.8,31.5,39.2,1796,37.616667,48.533333,1
12,26.511,26.52,26.12,26.16,26.89,27.71,28.01,27.68,27.28,26.9,27.03,27.25,27.52,28.533,28.53,28.15,28.23,28.44,28.91,29.16,29.05,29.05,29.11,29.24,29.28,29.37,25.129,25.26,25.43,25.98,27.09,27.65,27.67,27.11,26.3,25.41,25.36,25.72,26.03,22.667,22.83,24.71,25.74,26.26,25.56,25.16,24.32,23.12,22.03,21.47,21.66,22.39,0.099,0.79,-0.17,1.07,0.44,0.19,-0.8,-0.67,0.21,-2.28,1.72,-0.87,0.58,-0.122,1.475,-0.969,0.044,1.206,0.972,0.464,-0.507,-0.489,-0.372,0.102,-1.134,-0.53,1.71,-16.58,-18.8,-17,-18.6,-7.8,-18,1.2,6,11.7,6.8,4.6,-2.8,-13,11.9,12.6,8.6,13.2,15.8,22.6,27.4,33.8,36.7,34.6,32.1,22.7,15,-1.54,-4.2,-2.1,-2.2,4.3,9.8,15,18.4,21.3,21.7,17.8,8.5,1.9,20.97,41.7,9,23,65.8,31.5,39.2,25.4,22,7.1,11.4,29.9,53.1,1796,37.616667,48.533333,1
5,27.868,27.83,27.49,27.1,26.79,26.71,26.67,26.63,26.52,26.12,26.16,26.89,27.71,28.868,28.7,28.83,28.71,28.76,28.81,28.85,28.68,28.53,28.15,28.23,28.44,28.91,27.214,26.88,26.01,25.35,24.76,24.75,24.97,25.06,25.26,25.43,25.98,27.09,27.65,24.301,23.45,21.65,20.63,20.31,20.28,20.6,21.58,22.83,24.71,25.74,26.26,25.56,-0.272,0.58,0.83,0.7,1.12,0.38,-0.88,0.81,0.79,-0.17,1.07,0.44,0.19,-0.011,0.494,0.549,-0.011,0.154,-0.461,0.263,2.029,1.475,-0.969,0.044,1.206,0.972,4.72,-0.1,-2.4,4.8,6.8,4.8,1.6,-4,-3.6,-25.2,-23.4,-27,-12,-18.2,28.56,26.2,29.2,33.2,27.8,33.4,29.8,19.6,17.4,13.6,17.2,20.6,26.4,13.8,12.2,16.2,17.5,16.6,15.9,9,5.9,-7.6,-3.6,-2.4,4.5,9.2,39.47,40.2,31.6,0.1,3.4,1.1,21.6,26.8,30.2,4.2,11,5.6,36.7,4315,38.325556,48.424167,1
3,27.148,26.96,27.7,27.83,27.49,27.1,26.79,26.71,26.67,26.63,26.52,26.12,26.16,28.244,27.96,28.41,28.7,28.83,28.71,28.76,28.81,28.85,28.68,28.53,28.15,28.23,27.156,27.08,27.43,26.88,26.01,25.35,24.76,24.75,24.97,25.06,25.26,25.43,25.98,26.268,26.07,24.63,23.45,21.65,20.63,20.31,20.28,20.6,21.58,22.83,24.71,25.74,-0.467,-2.09,0.6,0.58,0.83,0.7,1.12,0.38,-0.88,0.81,0.79,-0.17,1.07,-0.1901,-3.185,0.322,0.494,0.549,-0.011,0.154,-0.461,0.263,2.029,1.475,-0.969,0.044,3.7,-2.444444444,-4.2,2.2,8.4,12.8,16.2,15.4,11.2,3.2,2.2,-5.8,-6.8,-13.4,24.11111111,25.4,29.6,27.2,32.8,33.6,30.4,31.6,33.2,22.6,19.4,15,21.2,8.688888889,10.1,13.2,19.3,24,25.4,24,20.6,13.6,10.4,2.6,3.8,2.9,28.98888889,20.8,22.8,51.9,40.2,2.4,5.3,46.1,34.1,16.4,37,2,16.6,1023,39,47.95,1
3,27.148,26.96,27.7,27.83,27.49,27.1,26.79,26.71,26.67,26.63,26.52,26.12,26.16,28.244,27.96,28.41,28.7,28.83,28.71,28.76,28.81,28.85,28.68,28.53,28.15,28.23,27.156,27.08,27.43,26.88,26.01,25.35,24.76,24.75,24.97,25.06,25.26,25.43,25.98,26.268,26.07,24.63,23.45,21.65,20.63,20.31,20.28,20.6,21.58,22.83,24.71,25.74,-0.467,-2.09,0.6,0.58,0.83,0.7,1.12,0.38,-0.88,0.81,0.79,-0.17,1.07,-0.1901,-3.185,0.322,0.494,0.549,-0.011,0.154,-0.461,0.263,2.029,1.475,-0.969,0.044,6.516666667,-10.3,-11,-2.4,3,9,11.6,9.6,6.6,0.2,-2,-12,-11.2,-17.4,20.96666667,23,25.6,24.4,28.4,32.6,26.4,31,29,19,16.2,12,14.8,6.266666667,7.7,10.1,14,18.1,19.1,17.9,17.2,10.1,7.5,-0.9,0.3,0.5,16.5,21,37.3,38.3,26.8,1.6,10,4.4,28.5,20.2,24.2,0.3,13.5,1700,38.383333,48.516667,1
4,27.712,27.7,27.83,27.49,27.1,26.79,26.71,26.67,26.63,26.52,26.12,26.16,26.89,28.565,28.41,28.7,28.83,28.71,28.76,28.81,28.85,28.68,28.53,28.15,28.23,28.44,27.566,27.43,26.88,26.01,25.35,24.76,24.75,24.97,25.06,25.26,25.43,25.98,27.09,25.456,24.63,23.45,21.65,20.63,20.31,20.28,20.6,21.58,22.83,24.71,25.74,26.26,0.28,0.6,0.58,0.83,0.7,1.12,0.38,-0.88,0.81,0.79,-0.17,1.07,0.44,0.3032,0.322,0.494,0.549,-0.011,0.154,-0.461,0.263,2.029,1.475,-0.969,0.044,1.206,5.46,-4.72,-3.4,-0.4,5.6,8,6,3.2,-2.6,-3,-16,-15.2,-20.7,-6.9,22.08,24.4,26.4,31.4,33,30.8,33.4,27.6,18.6,15,10.6,14.2,17.4,10,10.6,14.1,18.7,19.8,18.5,19.5,10.5,7.3,-2,-0.7,0.2,6.8,51.1,42.8,35.9,20,0,5.9,3.8,7.8,65.1,41,10.8,10.7,44.3,1650,38,48.083333,1
7,27.263,27.1,26.79,26.71,26.67,26.63,26.52,26.12,26.16,26.89,27.71,28.01,27.68,28.817,28.71,28.76,28.81,28.85,28.68,28.53,28.15,28.23,28.44,28.91,29.16,29.05,25.82,25.35,24.76,24.75,24.97,25.06,25.26,25.43,25.98,27.09,27.65,27.67,27.11,21.83,20.63,20.31,20.28,20.6,21.58,22.83,24.71,25.74,26.26,25.56,25.16,24.32,-0.475,0.7,1.12,0.38,-0.88,0.81,0.79,-0.17,1.07,0.44,0.19,-0.8,-0.67,-0.2241,-0.011,0.154,-0.461,0.263,2.029,1.475,-0.969,0.044,1.206,0.972,0.464,-0.507,4.03,15.84,14.8,15.4,8.2,-1.8,0.2,-11.4,-9.4,-11.8,-0.8,-4.8,9.4,11.8,40.96,42.4,39.4,38,31.4,20.6,18.8,13.4,18.6,20.8,27.6,34.4,40.4,28.74,29.1,27.5,25.3,15.9,9.7,0.5,2.4,2.6,10.6,16.3,22.1,27.3,3.85,0,0.7,0,5,61.6,37.1,10.9,14.8,63.5,15.6,11.4,1.8,1282,36.744444,47.6725,1
4,27.712,27.7,27.83,27.49,27.1,26.79,26.71,26.67,26.63,26.52,26.12,26.16,26.89,28.565,28.41,28.7,28.83,28.71,28.76,28.81,28.85,28.68,28.53,28.15,28.23,28.44,27.566,27.43,26.88,26.01,25.35,24.76,24.75,24.97,25.06,25.26,25.43,25.98,27.09,25.456,24.63,23.45,21.65,20.63,20.31,20.28,20.6,21.58,22.83,24.71,25.74,26.26,0.28,0.6,0.58,0.83,0.7,1.12,0.38,-0.88,0.81,0.79,-0.17,1.07,0.44,0.3032,0.322,0.494,0.549,-0.011,0.154,-0.461,0.263,2.029,1.475,-0.969,0.044,1.206,4.95,-1.46,-0.6,4.6,11.4,13.2,12.8,6.8,0.2,0,-14,-13.6,-17.2,-2.4,22.1,21,26.4,34.2,38,34.4,32.2,25.6,16.8,13.2,8.6,12.6,16.2,10.42,10.4,13.9,21.5,25.5,23.7,20.8,11.7,6.3,-3.4,-2.2,-2.3,6.1,61.23,34.3,46.8,0,0,0,0,0.8,128.8,74.4,21.8,34.6,51.6,1883.4,35.872778,47.602778,1
12,26.511,26.52,26.12,26.16,26.89,27.71,28.01,27.68,27.28,26.9,27.03,27.25,27.52,28.533,28.53,28.15,28.23,28.44,28.91,29.16,29.05,29.05,29.11,29.24,29.28,29.37,25.129,25.26,25.43,25.98,27.09,27.65,27.67,27.11,26.3,25.41,25.36,25.72,26.03,22.667,22.83,24.71,25.74,26.26,25.56,25.16,24.32,23.12,22.03,21.47,21.66,22.39,0.099,0.79,-0.17,1.07,0.44,0.19,-0.8,-0.67,0.21,-2.28,1.72,-0.87,0.58,-0.122,1.475,-0.969,0.044,1.206,0.972,0.464,-0.507,-0.489,-0.372,0.102,-1.134,-0.53,2.97,-14.93,-16.2,-17.2,-19.3,-7.1,-12.2,1,3.7,7.6,10.4,5.1,0.1,-10.2,10.88,12.1,9.1,10.2,14,20.8,26.6,31.8,36.8,33.8,30.8,23.6,13.2,-2.33,-5,-3.8,-4.5,3.3,8.4,13.4,19.2,22.9,22.8,17.9,9.5,1,32.57,66.2,16.8,17.8,68.9,34.1,21.4,0,4.5,9.3,0,50.8,62.6,2142.6,36.0544,47.1544,1
1,26.399,26.15,26.39,26.96,27.7,27.83,27.49,27.1,26.79,26.71,26.67,26.63,26.52,28.279,28.45,28.11,27.96,28.41,28.7,28.83,28.71,28.76,28.81,28.85,28.68,28.53,25.572,25.11,26.03,27.08,27.43,26.88,26.01,25.35,24.76,24.75,24.97,25.06,25.26,24.652,24.47,25.94,26.07,24.63,23.45,21.65,20.63,20.31,20.28,20.6,21.58,22.83,-0.144,-0.11,-0.96,-2.09,0.6,0.58,0.83,0.7,1.12,0.38,-0.88,0.81,0.79,-0.2947,-0.61,-1.007,-3.185,0.322,0.494,0.549,-0.011,0.154,-0.461,0.263,2.029,1.475,1.72,-12.61,-10.8,-6.4,-6.4,0.6,5.3,7.6,12.6,11.1,5,-1.2,-0.2,-10.8,12.71,16.1,18,25.4,27.6,31.6,39.8,42,39.8,37,30.9,20.6,19,0.22,1.8,5.6,9.5,13.2,16.8,24.4,28.5,27.8,21,14.7,8.9,0.9,40.9,45.7,10.8,15.6,35.3,63.6,0,0,0,0,0,66.5,78.6,1373.4,35.314444,46.992222,1
12,26.511,26.52,26.12,26.16,26.89,27.71,28.01,27.68,27.28,26.9,27.03,27.25,27.52,28.533,28.53,28.15,28.23,28.44,28.91,29.16,29.05,29.05,29.11,29.24,29.28,29.37,25.129,25.26,25.43,25.98,27.09,27.65,27.67,27.11,26.3,25.41,25.36,25.72,26.03,22.667,22.83,24.71,25.74,26.26,25.56,25.16,24.32,23.12,22.03,21.47,21.66,22.39,0.099,0.79,-0.17,1.07,0.44,0.19,-0.8,-0.67,0.21,-2.28,1.72,-0.87,0.58,-0.122,1.475,-0.969,0.044,1.206,0.972,0.464,-0.507,-0.489,-0.372,0.102,-1.134,-0.53,2.3125,-9.225,-9.2,-9.5,-13.6,-2.6,-4.9,3.6,8.2,11.2,11.2,6.5,1.6,-3,15.575,17.4,13.8,18.2,21,27.8,34,37.9,41.3,39.4,37.3,30.2,19.6,4.3375,3.3,3,2.9,10.3,15.7,21.5,27.4,31,29.8,24.3,17,8.7,48.2125,87.5,48.8,29.1,86.6,14,15,0.2,0,1.4,0,70.9,87.8,1464,34.795556,46.935556,1
4,27.712,27.7,27.83,27.49,27.1,26.79,26.71,26.67,26.63,26.52,26.12,26.16,26.89,28.565,28.41,28.7,28.83,28.71,28.76,28.81,28.85,28.68,28.53,28.15,28.23,28.44,27.566,27.43,26.88,26.01,25.35,24.76,24.75,24.97,25.06,25.26,25.43,25.98,27.09,25.456,24.63,23.45,21.65,20.63,20.31,20.28,20.6,21.58,22.83,24.71,25.74,26.26,0.28,0.6,0.58,0.83,0.7,1.12,0.38,-0.88,0.81,0.79,-0.17,1.07,0.44,0.3032,0.322,0.494,0.549,-0.011,0.154,-0.461,0.263,2.029,1.475,-0.969,0.044,1.206,2.19,0.32,1,5.4,7.8,13.2,14,7,1.4,0.6,-8.6,-11.6,-14.8,-2.2,23.76,23.4,29.2,37,39.4,36.4,33.8,28,17.6,15,11,16,18.2,11.89,12.1,15.7,22.8,27.6,26.2,21,14,8.4,1.2,0.1,1,7.9,79.28,33,17.6,0,0,0,0,18,45.1,102,40.6,37.6,47,1783.2,34.566667,48.35,1
2,26.588,26.39,26.96,27.7,27.83,27.49,27.1,26.79,26.71,26.67,26.63,26.52,26.12,28.098,28.11,27.96,28.41,28.7,28.83,28.71,28.76,28.81,28.85,28.68,28.53,28.15,26.375,26.03,27.08,27.43,26.88,26.01,25.35,24.76,24.75,24.97,25.06,25.26,25.43,26.185,25.94,26.07,24.63,23.45,21.65,20.63,20.31,20.28,20.6,21.58,22.83,24.71,-0.638,-0.96,-2.09,0.6,0.58,0.83,0.7,1.12,0.38,-0.88,0.81,0.79,-0.17,-0.773,-1.007,-3.185,0.322,0.494,0.549,-0.011,0.154,-0.461,0.263,2.029,1.475,-0.969,2.033333333,-7.666666667,-9.4,-7.8,-3,2.2,6.6,12.8,11.8,3.8,-2.6,-2.4,-16,-21.6,10.46666667,16.8,22.8,25,30,36.8,41.2,38.4,34.8,30,18,16.4,10.2,1.933333333,4.8,9.6,13.7,18,25.8,30.3,28,23.3,15.1,8.1,-1.1,-3.2,14.83333333,17,16.8,15,26.4,2,0,0,38,9,55.7,64,14.1,1628,35.114167,48.971667,1
11,26.678,26.63,26.52,26.12,26.16,26.89,27.71,28.01,27.68,27.28,26.9,27.03,27.25,28.717,28.68,28.53,28.15,28.23,28.44,28.91,29.16,29.05,29.05,29.11,29.24,29.28,25.039,25.06,25.26,25.43,25.98,27.09,27.65,27.67,27.11,26.3,25.41,25.36,25.72,21.395,21.58,22.83,24.71,25.74,26.26,25.56,25.16,24.32,23.12,22.03,21.47,21.66,-0.012,0.81,0.79,-0.17,1.07,0.44,0.19,-0.8,-0.67,0.21,-2.28,1.72,-0.87,0.446,2.029,1.475,-0.969,0.044,1.206,0.972,0.464,-0.507,-0.489,-0.372,0.102,-1.134,2.233333333,-4.4,-2.4,-16,-21.6,-22.4,-5.8,-7,2.6,7.8,15.4,13.6,5.8,1.8,14.86666667,18,16.4,10.2,17.6,19.2,26.8,31.6,37.2,40.4,39.6,35.6,30,5.5,8.1,-1.1,-3.2,-0.7,8.8,14.1,19.4,26.3,30.1,29.4,24.1,14.8,28.4,55.7,64,14.1,24.5,44.6,17.2,37,0.5,2,0.1,0,38.3,1628,35.114167,48.971667,1
