1,26.399,26.15,26.39,26.96,27.7,27.83,27.49,27.1,26.79,26.71,26.67,26.63,26.52,28.279,28.45,28.11,27.96,28.41,28.7,28.83,28.71,28.76,28.81,28.85,28.68,28.53,25.572,25.11,26.03,27.08,27.43,26.88,26.01,25.35,24.76,24.75,24.97,25.06,25.26,24.652,24.47,25.94,26.07,24.63,23.45,21.65,20.63,20.31,20.28,20.6,21.58,22.83,-0.144,-0.11,-0.96,-2.09,0.6,0.58,0.83,0.7,1.12,0.38,-0.88,0.81,0.79,-0.2947,-0.61,-1.007,-3.185,0.322,0.494,0.549,-0.011,0.154,-0.461,0.263,2.029,1.475,4.275,-21.65,-17.6,-9.8,-11.6,-2.4,2,6.4,10,9,3.8,-3.8,-3.8,-24.4,6.6625,10.7,11.6,19.8,23.4,25,32.4,35.6,33.3,31.8,25,17.2,13.3,-4.275,-0.6,2.9,6.7,11.2,14.3,20.5,23.9,22.4,20.4,11,6.3,-7.1,16.6,22.3,32.4,17.3,37.2,74.6,9.8,2,9.6,0,12.1,58.6,36.9,1709.5,37.833333,46.833333,2
4,27.712,27.7,27.83,27.49,27.1,26.79,26.71,26.67,26.63,26.52,26.12,26.16,26.89,28.565,28.41,28.7,28.83,28.71,28.76,28.81,28.85,28.68,28.53,28.15,28.23,28.44,27.566,27.43,26.88,26.01,25.35,24.76,24.75,24.97,25.06,25.26,25.43,25.98,27.09,25.456,24.63,23.45,21.65,20.63,20.31,20.28,20.6,21.58,22.83,24.71,25.74,26.26,0.28,0.6,0.58,0.83,0.7,1.12,0.38,-0.88,0.81,0.79,-0.17,1.07,0.44,0.3032,0.322,0.494,0.549,-0.011,0.154,-0.461,0.263,2.029,1.475,-0.969,0.044,1.206,5.525,-3.275,-2.4,2,6.4,10,9,3.8,-3.8,-3.8,-24.4,-21,-21.2,-7.8,21.4,23.4,25,32.4,35.6,33.3,31.8,25,17.2,13.3,6.6,11.8,15.6,10.5625,11.2,14.3,20.5,23.9,22.4,20.4,11,6.3,-7.1,-4.9,-2,6.2,56.1125,37.2,74.6,9.8,2,9.6,0,12.1,58.6,36.9,29.9,17.4,56.2,1709.5,37.833333,46.833333,2
4,27.712,27.7,27.83,27.49,27.1,26.79,26.71,26.67,26.63,26.52,26.12,26.16,26.89,28.565,28.41,28.7,28.83,28.71,28.76,28.81,28.85,28.68,28.53,28.15,28.23,28.44,27.566,27.43,26.88,26.01,25.35,24.76,24.75,24.97,25.06,25.26,25.43,25.98,27.09,25.456,24.63,23.45,21.65,20.63,20.31,20.28,20.6,21.58,22.83,24.71,25.74,26.26,0.28,0.6,0.58,0.83,0.7,1.12,0.38,-0.88,0.81,0.79,-0.17,1.07,0.44,0.3032,0.322,0.494,0.549,-0.011,0.154,-0.461,0.263,2.029,1.475,-0.969,0.044,1.206,2.17,-1.38,-2,6.4,9.2,15.8,13.2,5.6,-2,-2.6,-20,-14.8,-12.4,-0.6,25.68,26.6,29.8,36.8,39,37.6,36.6,29.2,20.6,15.8,11.8,16.6,19.4,14.21,15.1,18.8,25.8,29.3,28,24.1,15,10,-4.3,0.5,3.1,10.4,55.78,19.9,31.1,0.3,0,0.2,0,0.1,78.5,42.1,24,1.1,58.5,1290,37.333333,46.05,2
5,27.868,27.83,27.49,27.1,26.79,26.71,26.67,26.63,26.52,26.12,26.16,26.89,27.71,28.868,28.7,28.83,28.71,28.76,28.81,28.85,28.68,28.53,28.15,28.23,28.44,28.91,27.214,26.88,26.01,25.35,24.76,24.75,24.97,25.06,25.26,25.43,25.98,27.09,27.65,24.301,23.45,21.65,20.63,20.31,20.28,20.6,21.58,22.83,24.71,25.74,26.26,25.56,-0.272,0.58,0.83,0.7,1.12,0.38,-0.88,0.81,0.79,-0.17,1.07,0.44,0.19,-0.011,0.494,0.549,-0.011,0.154,-0.461,0.263,2.029,1.475,-0.969,0.044,1.206,0.972,2.15,5.1,6.4,9.2,15.8,13.2,5.6,-2,-2.6,-20,-14.8,-12.4,-0.6,-5.8,31.26,29.8,36.8,39,37.6,36.6,29.2,20.6,15.8,11.8,16.6,19.4,26.4,19.63,18.8,25.8,29.3,28,24.1,15,10,-4.3,0.5,3.1,10.4,15.3,30.65,31.1,0.3,0,0.2,0,0.1,78.5,42.1,24,1.1,58.5,26.8,1290,37.333333,46.05,2
11,26.678,26.63,26.52,26.12,26.16,26.89,27.71,28.01,27.68,27.28,26.9,27.03,27.25,28.717,28.68,28.53,28.15,28.23,28.44,28.91,29.16,29.05,29.05,29.11,29.24,29.28,25.039,25.06,25.26,25.43,25.98,27.09,27.65,27.67,27.11,26.3,25.41,25.36,25.72,21.395,21.58,22.83,24.71,25.74,26.26,25.56,25.16,24.32,23.12,22.03,21.47,21.66,-0.012,0.81,0.79,-0.17,1.07,0.44,0.19,-0.8,-0.67,0.21,-2.28,1.72,-0.87,0.446,2.029,1.475,-0.969,0.044,1.206,0.972,0.464,-0.507,-0.489,-0.372,0.102,-1.134,1.02,-4.8,-2.6,-20,-14.8,-12.4,-0.6,-5.8,6.4,10.8,15.6,16.8,9.4,2.8,17.66,20.6,15.8,11.8,16.6,19.4,26.4,32,36.6,40.6,38.2,37,26.8,7.15,10,-4.3,0.5,3.1,10.4,15.3,21.3,26.6,29.9,30.5,25.3,14.6,40.58,78.5,42.1,24,1.1,58.5,26.8,30.5,0,5,0.3,7,122.6,1290,37.333333,46.05,2
12,26.511,26.52,26.12,26.16,26.89,27.71,28.01,27.68,27.28,26.9,27.03,27.25,27.52,28.533,28.53,28.15,28.23,28.44,28.91,29.16,29.05,29.05,29.11,29.24,29.28,29.37,25.129,25.26,25.43,25.98,27.09,27.65,27.67,27.11,26.3,25.41,25.36,25.72,26.03,22.667,22.83,24.71,25.74,26.26,25.56,25.16,24.32,23.12,22.03,21.47,21.66,22.39,0.099,0.79,-0.17,1.07,0.44,0.19,-0.8,-0.67,0.21,-2.28,1.72,-0.87,0.58,-0.122,1.475,-0.969,0.044,1.206,0.972,0.464,-0.507,-0.489,-0.372,0.102,-1.134,-0.53,0.77,-11.68,-20,-14.8,-12.4,-0.6,-5.8,6.4,10.8,15.6,16.8,9.4,2.8,-4.6,12.74,15.8,11.8,16.6,19.4,26.4,32,36.6,40.6,38.2,37,26.8,17,1.76,-4.3,0.5,3.1,10.4,15.3,21.3,26.6,29.9,30.5,25.3,14.6,7.1,15.2,42.1,24,1.1,58.5,26.8,30.5,0,5,0.3,7,122.6,32.1,1290,37.333333,46.05,2
11,26.678,26.63,26.52,26.12,26.16,26.89,27.71,28.01,27.68,27.28,26.9,27.03,27.25,28.717,28.68,28.53,28.15,28.23,28.44,28.91,29.16,29.05,29.05,29.11,29.24,29.28,25.039,25.06,25.26,25.43,25.98,27.09,27.65,27.67,27.11,26.3,25.41,25.36,25.72,21.395,21.58,22.83,24.71,25.74,26.26,25.56,25.16,24.32,23.12,22.03,21.47,21.66,-0.012,0.81,0.79,-0.17,1.07,0.44,0.19,-0.8,-0.67,0.21,-2.28,1.72,-0.87,0.446,2.029,1.475,-0.969,0.044,1.206,0.972,0.464,-0.507,-0.489,-0.372,0.102,-1.134,2.65,-3.68,0.2,-18,-13.6,-12.6,-2,-6,9,11,15.4,15.4,10,2.2,19.4,20.4,15.2,10.6,16.8,20.4,25.4,30.6,36.6,39.8,37.6,35.4,25.4,6.68,8.3,-5.8,-2,1.1,8.4,13.1,19.3,24.2,27.2,28.4,22.9,12.6,22.92,47.4,18,24.3,4.8,38.6,22,53.9,0.1,18.8,1,2.4,82.7,1361,38.066667,46.3,2
5,27.868,27.83,27.49,27.1,26.79,26.71,26.67,26.63,26.52,26.12,26.16,26.89,27.71,28.868,28.7,28.83,28.71,28.76,28.81,28.85,28.68,28.53,28.15,28.23,28.44,28.91,27.214,26.88,26.01,25.35,24.76,24.75,24.97,25.06,25.26,25.43,25.98,27.09,27.65,24.301,23.45,21.65,20.63,20.31,20.28,20.6,21.58,22.83,24.71,25.74,26.26,25.56,-0.272,0.58,0.83,0.7,1.12,0.38,-0.88,0.81,0.79,-0.17,1.07,0.44,0.19,-0.011,0.494,0.549,-0.011,0.154,-0.461,0.263,2.029,1.475,-0.969,0.044,1.206,0.972,2.78,0.78,0.8,4.8,6,6.8,1.4,-4.6,-4.8,-26.6,-24,-20.2,-7.4,-20.4,27.18,25.2,31.8,34.6,33.4,31.8,25.8,16.4,12.2,7.2,14,17.2,22.6,13.29,12.4,17.5,19.7,18.8,17.1,8.8,4.8,-8.8,-5.9,-2.9,4.7,9.5,45.09,43.9,6.1,5,5.2,0.3,1.9,29.6,16,17,4,37,36.7,1682,37.939821,47.536938,2
11,26.678,26.63,26.52,26.12,26.16,26.89,27.71,28.01,27.68,27.28,26.9,27.03,27.25,28.717,28.68,28.53,28.15,28.23,28.44,28.91,29.16,29.05,29.05,29.11,29.24,29.28,25.039,25.06,25.26,25.43,25.98,27.09,27.65,27.67,27.11,26.3,25.41,25.36,25.72,21.395,21.58,22.83,24.71,25.74,26.26,25.56,25.16,24.32,23.12,22.03,21.47,21.66,-0.012,0.81,0.79,-0.17,1.07,0.44,0.19,-0.8,-0.67,0.21,-2.28,1.72,-0.87,0.446,2.029,1.475,-0.969,0.044,1.206,0.972,0.464,-0.507,-0.489,-0.372,0.102,-1.134,2.35,-9.78,-4.8,-26.6,-24,-20.2,-7.4,-20.4,1.8,5.4,7,9.6,4.4,-2,17.16,16.4,12.2,7.2,14,17.2,22.6,27.8,33.6,37.2,34.4,33.4,23,3.19,4.8,-8.8,-5.9,-2.9,4.7,9.5,15.1,18.8,21.1,21.9,17.9,8.6,22.99,29.6,16,17,4,37,36.7,30.9,15.5,12.7,6.2,21.3,74.6,1682,37.939821,47.536938,2
12,26.511,26.52,26.12,26.16,26.89,27.71,28.01,27.68,27.28,26.9,27.03,27.25,27.52,28.533,28.53,28.15,28.23,28.44,28.91,29.16,29.05,29.05,29.11,29.24,29.28,29.37,25.129,25.26,25.43,25.98,27.09,27.65,27.67,27.11,26.3,25.41,25.36,25.72,26.03,22.667,22.83,24.71,25.74,26.26,25.56,25.16,24.32,23.12,22.03,21.47,21.66,22.39,0.099,0.79,-0.17,1.07,0.44,0.19,-0.8,-0.67,0.21,-2.28,1.72,-0.87,0.58,-0.122,1.475,-0.969,0.044,1.206,0.972,0.464,-0.507,-0.489,-0.372,0.102,-1.134,-0.53,2.58,-9,-14.8,-12.4,-14.6,-3.6,-5.6,9.8,11.2,15.8,16.4,12.6,0.4,-2.8,10.58,12.8,9.6,15.2,16.6,23,28.8,34,38.2,35.2,33.4,23.8,14.4,0.07,-6.1,-2,0.6,7.3,12.2,17.9,22.4,25.4,26.5,21.8,11.6,4.8,15.11,22.5,14.1,4,39.1,16.2,25.4,3.1,2.8,0,4.4,87.2,23.3,1641,37.944722,46.121667,2
5,27.868,27.83,27.49,27.1,26.79,26.71,26.67,26.63,26.52,26.12,26.16,26.89,27.71,28.868,28.7,28.83,28.71,28.76,28.81,28.85,28.68,28.53,28.15,28.23,28.44,28.91,27.214,26.88,26.01,25.35,24.76,24.75,24.97,25.06,25.26,25.43,25.98,27.09,27.65,24.301,23.45,21.65,20.63,20.31,20.28,20.6,21.58,22.83,24.71,25.74,26.26,25.56,-0.272,0.58,0.83,0.7,1.12,0.38,-0.88,0.81,0.79,-0.17,1.07,0.44,0.19,-0.011,0.494,0.549,-0.011,0.154,-0.461,0.263,2.029,1.475,-0.969,0.044,1.206,0.972,1.45,4.7,9.4,12.6,17.4,16,10.2,2.8,2.2,-14.6,-12.6,-9.8,0,-4.6,14.4,28.8,36.2,38.4,37,36,28.8,19.6,15,11.8,17.2,19.8,27.2,9.45,18.9,25.8,29.2,27.9,24.7,15.6,9.8,-3.8,0.4,4,10.9,16,22.1,44.2,0.1,0,0,0,0.3,101.8,44.1,12.1,1,41.3,26.2,1380,37.4775,45.894167,2
12,26.511,26.52,26.12,26.16,26.89,27.71,28.01,27.68,27.28,26.9,27.03,27.25,27.52,28.533,28.53,28.15,28.23,28.44,28.91,29.16,29.05,29.05,29.11,29.24,29.28,29.37,25.129,25.26,25.43,25.98,27.09,27.65,27.67,27.11,26.3,25.41,25.36,25.72,26.03,22.667,22.83,24.71,25.74,26.26,25.56,25.16,24.32,23.12,22.03,21.47,21.66,22.39,0.099,0.79,-0.17,1.07,0.44,0.19,-0.8,-0.67,0.21,-2.28,1.72,-0.87,0.58,-0.122,1.475,-0.969,0.044,1.206,0.972,0.464,-0.507,-0.489,-0.372,0.102,-1.134,-0.53,2.83,-7.28,-8,-6.6,-15.6,-6,-7.6,9.6,9.8,14,14.4,8.8,0.2,-3,18.14,17.4,15.6,17.4,18.4,26.2,29.8,33.6,33,37.2,29.6,23.4,18,4.28,1.4,3.7,2.2,7.8,13.6,19.3,21.1,23.9,26.8,20,10.6,5.7,23.41,57,5.3,12.1,56.3,33.4,98.2,81.8,10.7,0,11.7,100.7,42.4,1180,38.9,47.05,2
11,26.678,26.63,26.52,26.12,26.16,26.89,27.71,28.01,27.68,27.28,26.9,27.03,27.25,28.717,28.68,28.53,28.15,28.23,28.44,28.91,29.16,29.05,29.05,29.11,29.24,29.28,25.039,25.06,25.26,25.43,25.98,27.09,27.65,27.67,27.11,26.3,25.41,25.36,25.72,21.395,21.58,22.83,24.71,25.74,26.26,25.56,25.16,24.32,23.12,22.03,21.47,21.66,-0.012,0.81,0.79,-0.17,1.07,0.44,0.19,-0.8,-0.67,0.21,-2.28,1.72,-0.87,0.446,2.029,1.475,-0.969,0.044,1.206,0.972,0.464,-0.507,-0.489,-0.372,0.102,-1.134,3.03,-2.82,1.6,-17.6,-13.6,-11,-0.2,-6.2,8.8,11.8,17.4,19.2,11.2,3.2,19.61,20.2,16.2,11.8,17.2,19.4,26.2,31.4,36.4,39.8,37.8,36.2,26.6,7.01,9,-5,-0.5,1.7,8.8,13.4,19.1,24,27.6,28.4,23,13.1,38.59,59,34.5,16.4,3,44.4,23.8,17.3,0.2,4.2,0.3,6.6,114.8,1477.7,37.389167,46.2375,2
1,26.399,26.15,26.39,26.96,27.7,27.83,27.49,27.1,26.79,26.71,26.67,26.63,26.52,28.279,28.45,28.11,27.96,28.41,28.7,28.83,28.71,28.76,28.81,28.85,28.68,28.53,25.572,25.11,26.03,27.08,27.43,26.88,26.01,25.35,24.76,24.75,24.97,25.06,25.26,24.652,24.47,25.94,26.07,24.63,23.45,21.65,20.63,20.31,20.28,20.6,21.58,22.83,-0.144,-0.11,-0.96,-2.09,0.6,0.58,0.83,0.7,1.12,0.38,-0.88,0.81,0.79,-0.2947,-0.61,-1.007,-3.185,0.322,0.494,0.549,-0.011,0.154,-0.461,0.263,2.029,1.475,1.43,-12.64,-10.4,-5.6,-7.2,0.8,8,10.2,14.6,15,10,2.2,1.2,-16.2,7.76,11,11.8,19.2,23.8,26.6,33.2,35.2,33.8,32.6,26.8,16.8,13.2,-2.13,0.3,2.8,7.8,13.2,16.1,22,25.7,24.6,22.2,12.9,8.4,-6,30.52,90.6,34.5,62.8,30.8,46.7,60.6,3.8,12,1,8,63.8,64.4,1550,38.483333,45.716667,2
12,26.511,26.52,26.12,26.16,26.89,27.71,28.01,27.68,27.28,26.9,27.03,27.25,27.52,28.533,28.53,28.15,28.23,28.44,28.91,29.16,29.05,29.05,29.11,29.24,29.28,29.37,25.129,25.26,25.43,25.98,27.09,27.65,27.67,27.11,26.3,25.41,25.36,25.72,26.03,22.667,22.83,24.71,25.74,26.26,25.56,25.16,24.32,23.12,22.03,21.47,21.66,22.39,0.099,0.79,-0.17,1.07,0.44,0.19,-0.8,-0.67,0.21,-2.28,1.72,-0.87,0.58,-0.122,1.475,-0.969,0.044,1.206,0.972,0.464,-0.507,-0.489,-0.372,0.102,-1.134,-0.53,1.533333333,-14.03333333,-25.1,-23.4,-24.5,-8.7,-20.4,1.6,3.4,7.1,8.2,4.7,-1.7,-9.4,9.2,12.2,8.8,13.8,17.4,22.5,27.2,34.1,32.9,34.2,31.4,22.2,14.1,-1.566666667,-5.9,-3.1,-1.1,6,11.6,16.6,19.9,21.8,23.3,18.8,9.3,3.3,26.73333333,49.3,18,6.1,41.3,8.1,70.8,21.6,14,8.4,9.5,83.9,34.3,1670,38.507785,46.646068,2
1,26.399,26.15,26.39,26.96,27.7,27.83,27.49,27.1,26.79,26.71,26.67,26.63,26.52,28.279,28.45,28.11,27.96,28.41,28.7,28.83,28.71,28.76,28.81,28.85,28.68,28.53,25.572,25.11,26.03,27.08,27.43,26.88,26.01,25.35,24.76,24.75,24.97,25.06,25.26,24.652,24.47,25.94,26.07,24.63,23.45,21.65,20.63,20.31,20.28,20.6,21.58,22.83,-0.144,-0.11,-0.96,-2.09,0.6,0.58,0.83,0.7,1.12,0.38,-0.88,0.81,0.79,-0.2947,-0.61,-1.007,-3.185,0.322,0.494,0.549,-0.011,0.154,-0.461,0.263,2.029,1.475,2.12,-13.73,-11.4,-5.4,-7.4,-1.6,5.8,7.6,12.4,11,6.2,0,-1.6,-17.6,10.05,14,14.6,21.6,25,27.4,33.6,35.2,34,34.4,28,18,15.8,-2.04,-0.4,3.8,7.4,12.2,15.4,20.9,24,22.8,19,11.2,7.3,-5.9,24.07,45.9,9.2,19.3,32.9,55.1,6,0,0.1,0,9.2,62,41.9,1328,37.555278,45.0725,2
11,26.678,26.63,26.52,26.12,26.16,26.89,27.71,28.01,27.68,27.28,26.9,27.03,27.25,28.717,28.68,28.53,28.15,28.23,28.44,28.91,29.16,29.05,29.05,29.11,29.24,29.28,25.039,25.06,25.26,25.43,25.98,27.09,27.65,27.67,27.11,26.3,25.41,25.36,25.72,21.395,21.58,22.83,24.71,25.74,26.26,25.56,25.16,24.32,23.12,22.03,21.47,21.66,-0.012,0.81,0.79,-0.17,1.07,0.44,0.19,-0.8,-0.67,0.21,-2.28,1.72,-0.87,0.446,2.029,1.475,-0.969,0.044,1.206,0.972,0.464,-0.507,-0.489,-0.372,0.102,-1.134,2.25,-4.89,-1.6,-17.6,-14.8,-12.8,-4.6,-6,5.2,8.6,11.8,10.6,5.8,-1,18.24,18,15.8,11.6,16,20,25.6,29,35,39,36.2,34.2,24.8,5.51,7.3,-5.9,-2.5,0.8,8,12.6,17.3,21.8,24.8,25,20.1,11.3,43.08,62,41.9,32,1.6,48.2,21.8,50.4,2.2,0,0.3,3.2,147.5,1328,37.555278,45.0725,2
4,27.712,27.7,27.83,27.49,27.1,26.79,26.71,26.67,26.63,26.52,26.12,26.16,26.89,28.565,28.41,28.7,28.83,28.71,28.76,28.81,28.85,28.68,28.53,28.15,28.23,28.44,27.566,27.43,26.88,26.01,25.35,24.76,24.75,24.97,25.06,25.26,25.43,25.98,27.09,25.456,24.63,23.45,21.65,20.63,20.31,20.28,20.6,21.58,22.83,24.71,25.74,26.26,0.28,0.6,0.58,0.83,0.7,1.12,0.38,-0.88,0.81,0.79,-0.17,1.07,0.44,0.3032,0.322,0.494,0.549,-0.011,0.154,-0.461,0.263,2.029,1.475,-0.969,0.044,1.206,4.65,-1.575,-2,3.2,6.4,10.2,8.6,2.4,-2.6,-2,-22.6,-19.8,-13.6,-4,23.625,25,27.2,33,35,34.4,32.6,27.4,20.2,17,11.4,17,18.8,12.9875,13.7,16.5,22.8,25.8,24.8,21.7,13.5,9.4,-4.9,-0.4,2.8,8.9,70.6125,39.1,52.3,0.2,0,0,0,3.9,87.2,114.9,32.8,1.2,76,1524,37.039722,45.098333,2
4,27.712,27.7,27.83,27.49,27.1,26.79,26.71,26.67,26.63,26.52,26.12,26.16,26.89,28.565,28.41,28.7,28.83,28.71,28.76,28.81,28.85,28.68,28.53,28.15,28.23,28.44,27.566,27.43,26.88,26.01,25.35,24.76,24.75,24.97,25.06,25.26,25.43,25.98,27.09,25.456,24.63,23.45,21.65,20.63,20.31,20.28,20.6,21.58,22.83,24.71,25.74,26.26,0.28,0.6,0.58,0.83,0.7,1.12,0.38,-0.88,0.81,0.79,-0.17,1.07,0.44,0.3032,0.322,0.494,0.549,-0.011,0.154,-0.461,0.263,2.029,1.475,-0.969,0.044,1.206,3.777777778,-0.022222222,-0.8,5.2,9.8,14.2,12.6,8.8,-0.8,-0.2,-18.4,-15.4,-16.8,-1.8,25.33333333,25,29.8,36.6,39.8,38.2,35.6,244,20.8,15.2,13.2,17.8,19.4,13.51111111,13.8,17.6,24.8,28.3,26.8,23.9,14.4,9.9,-4.2,0.2,2.2,9.5,64.42222222,50,45.5,0,0,0,0,4,75.7,73.6,37.8,12.7,63.4,1370,36.533333,46.166667,2
10,26.733,26.67,26.63,26.52,26.12,26.16,26.89,27.71,28.01,27.68,27.28,26.9,27.03,28.81,28.85,28.68,28.53,28.15,28.23,28.44,28.91,29.16,29.05,29.05,29.11,29.24,25.018,24.97,25.06,25.26,25.43,25.98,27.09,27.65,27.67,27.11,26.3,25.41,25.36,20.748,20.6,21.58,22.83,24.71,25.74,26.26,25.56,25.16,24.32,23.12,22.03,21.47,-0.447,-0.88,0.81,0.79,-0.17,1.07,0.44,0.19,-0.8,-0.67,0.21,-2.28,1.72,-0.1913,0.263,2.029,1.475,-0.969,0.044,1.206,0.972,0.464,-0.507,-0.489,-0.372,0.102,1.9,3,1,-2.4,-19.4,-20,-12.2,-5.8,-4.2,6.2,11.4,11.5,16.4,8,30.3,29.6,19.8,10,12,18,22.2,29,33.4,39.6,40,40.6,36.4,16.05,13.8,8.9,-6.7,-5,2.7,10.7,16,21.4,25.7,29.1,30.8,25.4,2.4,3.8,19.4,12,15,1,18.8,23.7,15.2,11.4,1.4,0.6,4.6,750,39.348056,45.071111,2
4,27.712,27.7,27.83,27.49,27.1,26.79,26.71,26.67,26.63,26.52,26.12,26.16,26.89,28.565,28.41,28.7,28.83,28.71,28.76,28.81,28.85,28.68,28.53,28.15,28.23,28.44,27.566,27.43,26.88,26.01,25.35,24.76,24.75,24.97,25.06,25.26,25.43,25.98,27.09,25.456,24.63,23.45,21.65,20.63,20.31,20.28,20.6,21.58,22.83,24.71,25.74,26.26,0.28,0.6,0.58,0.83,0.7,1.12,0.38,-0.88,0.81,0.79,-0.17,1.07,0.44,0.3032,0.322,0.494,0.549,-0.011,0.154,-0.461,0.263,2.029,1.475,-0.969,0.044,1.206,3.32,1.5,1.6,7,11.8,16,14.6,9.4,3.8,2.4,-16.4,-18.2,-11.4,-3,23.9,24.4,27.4,34.6,37,36.8,35,27.8,20.4,17.2,12.4,15.4,19,12.3,13,16.5,23.2,26.8,25.8,22,13.9,9.6,-3.8,0.7,2.7,8.6,100.63,33.4,61.5,2,0,0,0.2,8.1,144.6,105.3,56.3,6,202,1455,36.694444,45.141667,2
5,27.868,27.83,27.49,27.1,26.79,26.71,26.67,26.63,26.52,26.12,26.16,26.89,27.71,28.868,28.7,28.83,28.71,28.76,28.81,28.85,28.68,28.53,28.15,28.23,28.44,28.91,27.214,26.88,26.01,25.35,24.76,24.75,24.97,25.06,25.26,25.43,25.98,27.09,27.65,24.301,23.45,21.65,20.63,20.31,20.28,20.6,21.58,22.83,24.71,25.74,26.26,25.56,-0.272,0.58,0.83,0.7,1.12,0.38,-0.88,0.81,0.79,-0.17,1.07,0.44,0.19,-0.011,0.494,0.549,-0.011,0.154,-0.461,0.263,2.029,1.475,-0.969,0.044,1.206,0.972,2.71,5.8,7,11.8,16,14.6,9.4,3.8,2.4,-16.4,-18.2,-11.4,-3,-3.2,28.92,27.4,34.6,37,36.8,35,27.8,20.4,17.2,12.4,15.4,19,26,17.25,16.5,23.2,26.8,25.8,22,13.9,9.6,-3.8,0.7,2.7,8.6,13.6,40.9,61.5,2,0,0,0.2,8.1,144.6,105.3,56.3,6,202,31.4,1455,36.694444,45.141667,2
4,27.712,27.7,27.83,27.49,27.1,26.79,26.71,26.67,26.63,26.52,26.12,26.16,26.89,28.565,28.41,28.7,28.83,28.71,28.76,28.81,28.85,28.68,28.53,28.15,28.23,28.44,27.566,27.43,26.88,26.01,25.35,24.76,24.75,24.97,25.06,25.26,25.43,25.98,27.09,25.456,24.63,23.45,21.65,20.63,20.31,20.28,20.6,21.58,22.83,24.71,25.74,26.26,0.28,0.6,0.58,0.83,0.7,1.12,0.38,-0.88,0.81,0.79,-0.17,1.07,0.44,0.3032,0.322,0.494,0.549,-0.011,0.154,-0.461,0.263,2.029,1.475,-0.969,0.044,1.206,2.69,-3.56,-3,3,4,8,9.8,1.4,-4.6,-4.8,-19.6,-19,-16.8,-5,22.3,22,25.4,33,37,34,31.6,25.6,16.6,12.2,7.4,12,16.6,8.93,8.8,12.9,19.3,23.7,23.3,17.5,9.4,5.5,-5.6,-3.5,-2.4,5.3,61.48,53,57.1,0,0,0,0,1.6,51.4,42.5,10,13.3,64,1817.2,36.45,47.066667,2
3,27.148,26.96,27.7,27.83,27.49,27.1,26.79,26.71,26.67,26.63,26.52,26.12,26.16,28.244,27.96,28.41,28.7,28.83,28.71,28.76,28.81,28.85,28.68,28.53,28.15,28.23,27.156,27.08,27.43,26.88,26.01,25.35,24.76,24.75,24.97,25.06,25.26,25.43,25.98,26.268,26.07,24.63,23.45,21.65,20.63,20.31,20.28,20.6,21.58,22.83,24.71,25.74,-0.467,-2.09,0.6,0.58,0.83,0.7,1.12,0.38,-0.88,0.81,0.79,-0.17,1.07,-0.1901,-3.185,0.322,0.494,0.549,-0.011,0.154,-0.461,0.263,2.029,1.475,-0.969,0.044,3.45,-7.16,-7.6,1.2,6.4,9.4,12.4,12.4,6.2,-0.2,-1.2,-20.2,-18.4,-13.6,19.98,21.6,25.2,27,34,35,33.6,35.2,29.6,18,15.4,9.8,16.2,6.06,6.9,11.8,15,20.8,24.9,23.4,19.7,10.8,6.8,-7.7,-3.7,0.4,20.74,14.5,44.6,62,19,45.5,1,0.5,9,44.4,15.2,19.9,0.9,1337,38.197222,44.765278,2
12,26.511,26.52,26.12,26.16,26.89,27.71,28.01,27.68,27.28,26.9,27.03,27.25,27.52,28.533,28.53,28.15,28.23,28.44,28.91,29.16,29.05,29.05,29.11,29.24,29.28,29.37,25.129,25.26,25.43,25.98,27.09,27.65,27.67,27.11,26.3,25.41,25.36,25.72,26.03,22.667,22.83,24.71,25.74,26.26,25.56,25.16,24.32,23.12,22.03,21.47,21.66,22.39,0.099,0.79,-0.17,1.07,0.44,0.19,-0.8,-0.67,0.21,-2.28,1.72,-0.87,0.58,-0.122,1.475,-0.969,0.044,1.206,0.972,0.464,-0.507,-0.489,-0.372,0.102,-1.134,-0.53,1.96,-13.14,-20.2,-18.4,-13.6,-6.4,-8,5.4,9.4,14.4,15.6,6.6,0.8,-5,11.96,15.4,9.8,16.2,18.6,27.5,30.2,36.2,37.6,35.6,33.6,24.8,15,-1.52,-7.7,-3.7,0.4,7.4,12.3,17.5,22,25.8,26.2,20.8,11.5,4.3,9.01,15.2,19.9,0.9,27.5,17.1,43.6,11.4,6.1,0,2.9,68.7,16.5,1337,38.197222,44.765278,2
1,26.399,26.15,26.39,26.96,27.7,27.83,27.49,27.1,26.79,26.71,26.67,26.63,26.52,28.279,28.45,28.11,27.96,28.41,28.7,28.83,28.71,28.76,28.81,28.85,28.68,28.53,25.572,25.11,26.03,27.08,27.43,26.88,26.01,25.35,24.76,24.75,24.97,25.06,25.26,24.652,24.47,25.94,26.07,24.63,23.45,21.65,20.63,20.31,20.28,20.6,21.58,22.83,-0.144,-0.11,-0.96,-2.09,0.6,0.58,0.83,0.7,1.12,0.38,-0.88,0.81,0.79,-0.2947,-0.61,-1.007,-3.185,0.322,0.494,0.549,-0.011,0.154,-0.461,0.263,2.029,1.475,2.1125,-13.75,-15.4,-5,-7,-1,7,10,13,11.6,7.4,0,0.4,-15,10.225,13.6,15.6,23.4,26,29,38,40,38,37.8,29.2,21.8,16,-0.4125,1.2,6.3,9.9,14.1,18,24.9,28.5,26.7,24.2,15.1,10.1,-2.9,22.7125,21.6,50.9,18.2,46.8,45.4,0,37,0.1,0,5.7,79.3,67.4,1406,36.679167,46.566944,2
3,27.148,26.96,27.7,27.83,27.49,27.1,26.79,26.71,26.67,26.63,26.52,26.12,26.16,28.244,27.96,28.41,28.7,28.83,28.71,28.76,28.81,28.85,28.68,28.53,28.15,28.23,27.156,27.08,27.43,26.88,26.01,25.35,24.76,24.75,24.97,25.06,25.26,25.43,25.98,26.268,26.07,24.63,23.45,21.65,20.63,20.31,20.28,20.6,21.58,22.83,24.71,25.74,-0.467,-2.09,0.6,0.58,0.83,0.7,1.12,0.38,-0.88,0.81,0.79,-0.17,1.07,-0.1901,-3.185,0.322,0.494,0.549,-0.011,0.154,-0.461,0.263,2.029,1.475,-0.969,0.044,2.87,-4.5,-6,1.2,8.6,10,15.8,15.8,10.6,4,1.6,-19.6,-16.6,-11.6,20.88,21.6,28.2,28.4,34.8,37.4,35.4,36.2,29.8,19.6,14.8,12.6,16.2,8.09,9.2,14.6,17.4,23.3,27.5,26.4,23,14.1,9.7,-7.2,-2.9,2.8,28.14,14.8,48.3,95.5,72.9,0,0,34.5,7.8,18,20.8,9.1,5.9,1095,38.891389,45.025556,2
5,27.868,27.83,27.49,27.1,26.79,26.71,26.67,26.63,26.52,26.12,26.16,26.89,27.71,28.868,28.7,28.83,28.71,28.76,28.81,28.85,28.68,28.53,28.15,28.23,28.44,28.91,27.214,26.88,26.01,25.35,24.76,24.75,24.97,25.06,25.26,25.43,25.98,27.09,27.65,24.301,23.45,21.65,20.63,20.31,20.28,20.6,21.58,22.83,24.71,25.74,26.26,25.56,-0.272,0.58,0.83,0.7,1.12,0.38,-0.88,0.81,0.79,-0.17,1.07,0.44,0.19,-0.011,0.494,0.549,-0.011,0.154,-0.461,0.263,2.029,1.475,-0.969,0.044,1.206,0.972,3.2,6.2,7.6,12,15.4,14.6,8.2,1.4,0.2,-16.6,-13.6,-12,-4.2,-3.4,29.15,27.4,33.4,34.2,33.4,34,25.6,17.2,15,11.2,14.4,19.4,26.8,18.1125,17.7,24,27,25.7,22.8,13.7,8.9,-3.9,-1,2.7,9.6,14.4,44.025,51.5,10,11,0,0,2,95,29.7,22.6,1,53,20.9,1500,37.8833333,45.1666666,2
3,27.148,26.96,27.7,27.83,27.49,27.1,26.79,26.71,26.67,26.63,26.52,26.12,26.16,28.244,27.96,28.41,28.7,28.83,28.71,28.76,28.81,28.85,28.68,28.53,28.15,28.23,27.156,27.08,27.43,26.88,26.01,25.35,24.76,24.75,24.97,25.06,25.26,25.43,25.98,26.268,26.07,24.63,23.45,21.65,20.63,20.31,20.28,20.6,21.58,22.83,24.71,25.74,-0.467,-2.09,0.6,0.58,0.83,0.7,1.12,0.38,-0.88,0.81,0.79,-0.17,1.07,-0.1901,-3.185,0.322,0.494,0.549,-0.011,0.154,-0.461,0.263,2.029,1.475,-0.969,0.044,3.61,-6.66,-9,0.8,6,9,13.6,12.8,9,0.5,-1.2,-22,-21.4,-16.2,17.83,20,25.8,26,31.4,34,31.6,34,27.4,18.8,10.6,9.6,13.4,5.37,6.3,11.8,14.5,19.6,23.7,22.9,19.8,11.1,7.3,-8.3,-4.5,0.2,30.67,10.2,47.5,81.3,41.1,14,12.6,8.9,10.6,42.7,15.3,22.2,2.5,1411.3,39.295278,44.516667,2
6,27.667,27.49,27.1,26.79,26.71,26.67,26.63,26.52,26.12,26.16,26.89,27.71,28.01,28.914,28.83,28.71,28.76,28.81,28.85,28.68,28.53,28.15,28.23,28.44,28.91,29.16,26.578,26.01,25.35,24.76,24.75,24.97,25.06,25.26,25.43,25.98,27.09,27.65,27.67,22.976,21.65,20.63,20.31,20.28,20.6,21.58,22.83,24.71,25.74,26.26,25.56,25.16,-0.511,0.83,0.7,1.12,0.38,-0.88,0.81,0.79,-0.17,1.07,0.44,0.19,-0.8,-0.2538,0.549,-0.011,0.154,-0.461,0.263,2.029,1.475,-0.969,0.044,1.206,0.972,0.464,2.58,10.2,9,13.6,12.8,9,0.5,-1.2,-22,-21.4,-16.2,-6.8,-6.2,6,31.39,31.4,34,31.6,34,27.4,18.8,10.6,9.6,13.4,17.4,25,28.4,20.31,19.6,23.7,22.9,19.8,11.1,7.3,-8.3,-4.5,0.2,6.9,12.3,16.4,43.02,41.1,14,12.6,8.9,10.6,42.7,15.3,22.2,2.5,26.8,16.7,84,1411.3,39.295278,44.516667,2
4,27.712,27.7,27.83,27.49,27.1,26.79,26.71,26.67,26.63,26.52,26.12,26.16,26.89,28.565,28.41,28.7,28.83,28.71,28.76,28.81,28.85,28.68,28.53,28.15,28.23,28.44,27.566,27.43,26.88,26.01,25.35,24.76,24.75,24.97,25.06,25.26,25.43,25.98,27.09,25.456,24.63,23.45,21.65,20.63,20.31,20.28,20.6,21.58,22.83,24.71,25.74,26.26,0.28,0.6,0.58,0.83,0.7,1.12,0.38,-0.88,0.81,0.79,-0.17,1.07,0.44,0.3032,0.322,0.494,0.549,-0.011,0.154,-0.461,0.263,2.029,1.475,-0.969,0.044,1.206,3.78,-0.28,0,4.4,8.2,11.2,10,4.6,-1,-1.6,-22,-18.2,-15.4,-3.8,25.1,26,27.6,35,37.6,36.6,35.6,28.6,20.6,16.4,13.2,17,19.2,13.64,15,17.9,24.2,27.1,25.6,23.4,14.6,10.2,-4.2,0.1,2.9,10.2,54.15,21.4,64.3,0.2,0,0,0,1.6,76.8,67,24.4,5.5,66.3,1299,36.95,45.4,2
7,27.263,27.1,26.79,26.71,26.67,26.63,26.52,26.12,26.16,26.89,27.71,28.01,27.68,28.817,28.71,28.76,28.81,28.85,28.68,28.53,28.15,28.23,28.44,28.91,29.16,29.05,25.82,25.35,24.76,24.75,24.97,25.06,25.26,25.43,25.98,27.09,27.65,27.67,27.11,21.83,20.63,20.31,20.28,20.6,21.58,22.83,24.71,25.74,26.26,25.56,25.16,24.32,-0.475,0.7,1.12,0.38,-0.88,0.81,0.79,-0.17,1.07,0.44,0.19,-0.8,-0.67,-0.2241,-0.011,0.154,-0.461,0.263,2.029,1.475,-0.969,0.044,1.206,0.972,0.464,-0.507,2.21,11.3,11.2,10,4.6,-1,-1.6,-22,-18.2,-15.4,-3.8,-6,5,9.2,36.38,37.6,36.6,35.6,28.6,20.6,16.4,13.2,17,19.2,26.8,31,35,26.43,27.1,25.6,23.4,14.6,10.2,-4.2,0.1,2.9,10.2,15.4,20.4,24.8,0.71,0,0,0,1.6,76.8,67,24.4,5.5,66.3,29,33.6,1.5,1299,36.95,45.4,2
5,27.868,27.83,27.49,27.1,26.79,26.71,26.67,26.63,26.52,26.12,26.16,26.89,27.71,28.868,28.7,28.83,28.71,28.76,28.81,28.85,28.68,28.53,28.15,28.23,28.44,28.91,27.214,26.88,26.01,25.35,24.76,24.75,24.97,25.06,25.26,25.43,25.98,27.09,27.65,24.301,23.45,21.65,20.63,20.31,20.28,20.6,21.58,22.83,24.71,25.74,26.26,25.56,-0.272,0.58,0.83,0.7,1.12,0.38,-0.88,0.81,0.79,-0.17,1.07,0.44,0.19,-0.011,0.494,0.549,-0.011,0.154,-0.461,0.263,2.029,1.475,-0.969,0.044,1.206,0.972,3.03,1.82,0.6,5.6,9.2,8,4.4,-3.6,-2.6,-20.6,-18,-23,-7.6,-14.4,29.28,28.4,29.4,34.2,28.2,34.2,29.4,19.4,16.8,11.8,15.6,19.2,26.6,13.96,12.9,16.8,17.7,16.9,16.8,9.6,6.7,-4.2,-1.1,-1.1,5.2,10.3,45.97,55.5,27.3,0,23.6,0.1,17.9,35.1,32.1,5.7,21,20.4,19.7,1332,38.2514,48.2973,2
1,26.399,26.15,26.39,26.96,27.7,27.83,27.49,27.1,26.79,26.71,26.67,26.63,26.52,28.279,28.45,28.11,27.96,28.41,28.7,28.83,28.71,28.76,28.81,28.85,28.68,28.53,25.572,25.11,26.03,27.08,27.43,26.88,26.01,25.35,24.76,24.75,24.97,25.06,25.26,24.652,24.47,25.94,26.07,24.63,23.45,21.65,20.63,20.31,20.28,20.6,21.58,22.83,-0.144,-0.11,-0.96,-2.09,0.6,0.58,0.83,0.7,1.12,0.38,-0.88,0.81,0.79,-0.2947,-0.61,-1.007,-3.185,0.322,0.494,0.549,-0.011,0.154,-0.461,0.263,2.029,1.475,4.13,-5.14,-3.2,1,-2,4.2,7.8,15,17.2,16.8,13.4,4.8,3,-3.2,17.26,21,16,29.4,28.4,31.4,36,36.2,35.2,34.4,31.8,20.4,20.6,4.57,6.7,8,10.8,14.6,21.6,27,28.6,27.1,23.5,16.3,12.5,4,35.42,62,45.8,20.6,18.9,38,18.7,30,3.2,29.7,24.8,6.5,38.6,83,39.366667,47.966667,2
3,27.148,26.96,27.7,27.83,27.49,27.1,26.79,26.71,26.67,26.63,26.52,26.12,26.16,28.244,27.96,28.41,28.7,28.83,28.71,28.76,28.81,28.85,28.68,28.53,28.15,28.23,27.156,27.08,27.43,26.88,26.01,25.35,24.76,24.75,24.97,25.06,25.26,25.43,25.98,26.268,26.07,24.63,23.45,21.65,20.63,20.31,20.28,20.6,21.58,22.83,24.71,25.74,-0.467,-2.09,0.6,0.58,0.83,0.7,1.12,0.38,-0.88,0.81,0.79,-0.17,1.07,-0.1901,-3.185,0.322,0.494,0.549,-0.011,0.154,-0.461,0.263,2.029,1.475,-0.969,0.044,5.37,-1.38,-2,4.2,7.8,15,17.2,16.8,13.4,4.8,3,-3.2,-5,-15.2,24.26,29.4,28.4,31.4,36,36.2,35.2,34.4,31.8,20.4,20.6,18.6,23.8,9.78,10.8,14.6,21.6,27,28.6,27.1,23.5,16.3,12.5,4,5.4,4.3,28.9,20.6,18.9,38,18.7,30,3.2,29.7,24.8,6.5,38.6,29.6,25.5,83,39.366667,47.966667,2
10,26.733,26.67,26.63,26.52,26.12,26.16,26.89,27.71,28.01,27.68,27.28,26.9,27.03,28.81,28.85,28.68,28.53,28.15,28.23,28.44,28.91,29.16,29.05,29.05,29.11,29.24,25.018,24.97,25.06,25.26,25.43,25.98,27.09,27.65,27.67,27.11,26.3,25.41,25.36,20.748,20.6,21.58,22.83,24.71,25.74,26.26,25.56,25.16,24.32,23.12,22.03,21.47,-0.447,-0.88,0.81,0.79,-0.17,1.07,0.44,0.19,-0.8,-0.67,0.21,-2.28,1.72,-0.1913,0.263,2.029,1.475,-0.969,0.044,1.206,0.972,0.464,-0.507,-0.489,-0.372,0.102,1.51,6.96,4.6,0.4,-8.2,-7.2,-10.2,-0.6,0,10.6,13.6,17,17.2,13,29.5,31.2,21.4,16.8,18.8,24.6,24.4,28.4,34.2,38,37.8,38.6,34.2,16.41,14.3,10.9,1.9,3.9,3.3,9.2,14,21.9,25.3,27.5,27.8,23,33.5,24.8,3.7,46.2,6.2,4.9,22.8,14.7,12,11.9,1.3,0,19.5,31.9,39.6503,47.9142,2
4,27.712,27.7,27.83,27.49,27.1,26.79,26.71,26.67,26.63,26.52,26.12,26.16,26.89,28.565,28.41,28.7,28.83,28.71,28.76,28.81,28.85,28.68,28.53,28.15,28.23,28.44,27.566,27.43,26.88,26.01,25.35,24.76,24.75,24.97,25.06,25.26,25.43,25.98,27.09,25.456,24.63,23.45,21.65,20.63,20.31,20.28,20.6,21.58,22.83,24.71,25.74,26.26,0.28,0.6,0.58,0.83,0.7,1.12,0.38,-0.88,0.81,0.79,-0.17,1.07,0.44,0.3032,0.322,0.494,0.549,-0.011,0.154,-0.461,0.263,2.029,1.475,-0.969,0.044,1.206,2.78,-5.54,-9,2.2,3,7.4,7,2,-4,-4.2,-18.8,-17,-18.6,-7.8,21.82,22,25.8,27.8,35.6,33,31.6,25.4,16.4,12.6,8.6,13.2,15.8,8.52,8.7,12.2,17.1,19.6,18.6,17.2,8.7,4.9,-4.2,-2.1,-2.2,4.3,62.92,26.7,49.1,0.2,0,3.4,2,15.1,48.4,41.7,9,23,65.8,1796,37.616667,48.533333,2
10,26.733,26.67,26.63,26.52,26.12,26.16,26.89,27.71,28.01,27.68,27.28,26.9,27.03,28.81,28.85,28.68,28.53,28.15,28.23,28.44,28.91,29.16,29.05,29.05,29.11,29.24,25.018,24.97,25.06,25.26,25.43,25.98,27.09,27.65,27.67,27.11,26.3,25.41,25.36,20.748,20.6,21.58,22.83,24.71,25.74,26.26,25.56,25.16,24.32,23.12,22.03,21.47,-0.447,-0.88,0.81,0.79,-0.17,1.07,0.44,0.19,-0.8,-0.67,0.21,-2.28,1.72,-0.1913,0.263,2.029,1.475,-0.969,0.044,1.206,0.972,0.464,-0.507,-0.489,-0.372,0.102,2.16,-2.5,-4,-4.2,-18.8,-17,-18.6,-7.8,-18,1.2,6,11.7,6.8,4.6,24.62,25.4,16.4,12.6,8.6,13.2,15.8,22.6,27.4,33.8,36.7,34.6,32.1,10.33,8.7,4.9,-4.2,-2.1,-2.2,4.3,9.8,15,18.4,21.3,21.7,17.8,29.21,15.1,48.4,41.7,9,23,65.8,31.5,39.2,25.4,22,7.1,11.4,1796,37.616667,48.533333,2
12,26.511,26.52,26.12,26.16,26.89,27.71,28.01,27.68,27.28,26.9,27.03,27.25,27.52,28.533,28.53,28.15,28.23,28.44,28.91,29.16,29.05,29.05,29.11,29.24,29.28,29.37,25.129,25.26,25.43,25.98,27.09,27.65,27.67,27.11,26.3,25.41,25.36,25.72,26.03,22.667,22.83,24.71,25.74,26.26,25.56,25.16,24.32,23.12,22.03,21.47,21.66,22.39,0.099,0.79,-0.17,1.07,0.44,0.19,-0.8,-0.67,0.21,-2.28,1.72,-0.87,0.58,-0.122,1.475,-0.969,0.044,1.206,0.972,0.464,-0.507,-0.489,-0.372,0.102,-1.134,-0.53,2.33,-12.56,-12,-12,-19.4,-7.6,-13.4,6.6,7,10.4,13.2,6.6,-0.8,-6,13.32,14.4,10.6,13.4,17.4,23.8,28.4,34.8,32.4,34.6,32.6,21.2,17.4,1.06,-1.3,-0.2,-0.8,6.2,11.8,18,20,21.2,23.4,18.4,9.3,4.3,29.68,43.8,12.6,22.6,51.8,33.2,49.3,14.6,13.3,0.1,16.2,119.5,38.4,1650,38.151389,48.070833,2
7,27.263,27.1,26.79,26.71,26.67,26.63,26.52,26.12,26.16,26.89,27.71,28.01,27.68,28.817,28.71,28.76,28.81,28.85,28.68,28.53,28.15,28.23,28.44,28.91,29.16,29.05,25.82,25.35,24.76,24.75,24.97,25.06,25.26,25.43,25.98,27.09,27.65,27.67,27.11,21.83,20.63,20.31,20.28,20.6,21.58,22.83,24.71,25.74,26.26,25.56,25.16,24.32,-0.475,0.7,1.12,0.38,-0.88,0.81,0.79,-0.17,1.07,0.44,0.19,-0.8,-0.67,-0.2241,-0.011,0.154,-0.461,0.263,2.029,1.475,-0.969,0.044,1.206,0.972,0.464,-0.507,6.1625,11.925,9,12,6.4,-2.2,-1.6,-21.8,-17.6,-15.6,-4.2,-17.8,5,10.2,39.25,38.8,37,38.6,32.2,21,17.8,12.6,16.4,21,28.6,34.4,40.1,26.8375,26.6,25.4,24.3,14.5,9.5,-4.5,-0.5,1.6,9,14.5,21.4,25.8,6.1625,0,0.2,0,9.5,44,39.3,12,18.1,74.8,49.3,56.1,9.2,1500,39.606944,48.061111,2
12,26.511,26.52,26.12,26.16,26.89,27.71,28.01,27.68,27.28,26.9,27.03,27.25,27.52,28.533,28.53,28.15,28.23,28.44,28.91,29.16,29.05,29.05,29.11,29.24,29.28,29.37,25.129,25.26,25.43,25.98,27.09,27.65,27.67,27.11,26.3,25.41,25.36,25.72,26.03,22.667,22.83,24.71,25.74,26.26,25.56,25.16,24.32,23.12,22.03,21.47,21.66,22.39,0.099,0.79,-0.17,1.07,0.44,0.19,-0.8,-0.67,0.21,-2.28,1.72,-0.87,0.58,-0.122,1.475,-0.969,0.044,1.206,0.972,0.464,-0.507,-0.489,-0.372,0.102,-1.134,-0.53,2.566666667,-4.2,-5.8,-6.8,-13.4,-3.2,-1.6,11.2,14.2,15.4,18.8,10.8,3,-0.4,18.93333333,19.4,15,21.2,23.4,25,30.2,33.2,33.4,37.2,31.2,25.6,17.2,5.444444444,2.6,3.8,2.9,8.8,14,22,24.3,26.2,29.2,21.7,12.9,7.1,24.65555556,37,2,16.6,26.5,23.1,32.6,55.9,3.5,0,9,80.3,44.1,1023,39,47.95,2
12,26.511,26.52,26.12,26.16,26.89,27.71,28.01,27.68,27.28,26.9,27.03,27.25,27.52,28.533,28.53,28.15,28.23,28.44,28.91,29.16,29.05,29.05,29.11,29.24,29.28,29.37,25.129,25.26,25.43,25.98,27.09,27.65,27.67,27.11,26.3,25.41,25.36,25.72,26.03,22.667,22.83,24.71,25.74,26.26,25.56,25.16,24.32,23.12,22.03,21.47,21.66,22.39,0.099,0.79,-0.17,1.07,0.44,0.19,-0.8,-0.67,0.21,-2.28,1.72,-0.87,0.58,-0.122,1.475,-0.969,0.044,1.206,0.972,0.464,-0.507,-0.489,-0.372,0.102,-1.134,-0.53,2.87,-9.24,-11,-8.4,-17.5,-9,-10,8.4,8,12.8,14.6,7.6,-1.4,-5.4,14.82,15.2,13.2,15,17,24.8,27.6,33.6,31.6,36,28.6,21.4,14.8,2.13,0.2,2.2,1.3,6.9,12.6,17.7,19.9,21.8,24.5,18.8,9.6,4.7,21.76,21.6,5,12.2,58.5,15.4,45.3,43.8,12,6,21.4,60.6,21.3,1568.5,38.398889,47.681944,2
6,27.667,27.49,27.1,26.79,26.71,26.67,26.63,26.52,26.12,26.16,26.89,27.71,28.01,28.914,28.83,28.71,28.76,28.81,28.85,28.68,28.53,28.15,28.23,28.44,28.91,29.16,26.578,26.01,25.35,24.76,24.75,24.97,25.06,25.26,25.43,25.98,27.09,27.65,27.67,22.976,21.65,20.63,20.31,20.28,20.6,21.58,22.83,24.71,25.74,26.26,25.56,25.16,-0.511,0.83,0.7,1.12,0.38,-0.88,0.81,0.79,-0.17,1.07,0.44,0.19,-0.8,-0.2538,0.549,-0.011,0.154,-0.461,0.263,2.029,1.475,-0.969,0.044,1.206,0.972,0.464,7.066666667,7.933333333,9,11.6,9.6,6.6,0.2,-2,-12,-11.2,-17.4,-6.7,-11.2,4.2,29.13333333,28.4,32.6,26.4,31,29,19,16.2,12,14.8,18.4,25.8,28,18.35,18.1,19.1,17.9,17.2,10.1,7.5,-0.9,0.3,0.5,6.2,11.5,17.2,24.9,26.8,1.6,10,4.4,28.5,20.2,24.2,0.3,13.5,25.5,18.6,34.2,1700,38.383333,48.516667,2
11,26.678,26.63,26.52,26.12,26.16,26.89,27.71,28.01,27.68,27.28,26.9,27.03,27.25,28.717,28.68,28.53,28.15,28.23,28.44,28.91,29.16,29.05,29.05,29.11,29.24,29.28,25.039,25.06,25.26,25.43,25.98,27.09,27.65,27.67,27.11,26.3,25.41,25.36,25.72,21.395,21.58,22.83,24.71,25.74,26.26,25.56,25.16,24.32,23.12,22.03,21.47,21.66,-0.012,0.81,0.79,-0.17,1.07,0.44,0.19,-0.8,-0.67,0.21,-2.28,1.72,-0.87,0.446,2.029,1.475,-0.969,0.044,1.206,0.972,0.464,-0.507,-0.489,-0.372,0.102,-1.134,4.45,-4.433333333,-2,-12,-11.2,-17.4,-6.7,-11.2,4.2,7.2,9.6,12.6,5.8,0,17.5,19,16.2,12,14.8,18.4,25.8,28,36.2,29,35.5,28,21.7,6.283333333,7.5,-0.9,0.3,0.5,6.2,11.5,17.2,18.8,20.3,22.8,17.1,10,32.16666667,20.2,24.2,0.3,13.5,25.5,18.6,34.2,27.7,0.9,0,12.8,78.1,1700,38.383333,48.516667,2
11,26.678,26.63,26.52,26.12,26.16,26.89,27.71,28.01,27.68,27.28,26.9,27.03,27.25,28.717,28.68,28.53,28.15,28.23,28.44,28.91,29.16,29.05,29.05,29.11,29.24,29.28,25.039,25.06,25.26,25.43,25.98,27.09,27.65,27.67,27.11,26.3,25.41,25.36,25.72,21.395,21.58,22.83,24.71,25.74,26.26,25.56,25.16,24.32,23.12,22.03,21.47,21.66,-0.012,0.81,0.79,-0.17,1.07,0.44,0.19,-0.8,-0.67,0.21,-2.28,1.72,-0.87,0.446,2.029,1.475,-0.969,0.044,1.206,0.972,0.464,-0.507,-0.489,-0.372,0.102,-1.134,4.92,-8.84,-3,-16,-15.2,-20.7,-6.9,-15.4,2.9,3.4,5.8,8.7,6.6,-0.4,17.76,18.6,15,10.6,14.2,17.4,24,30.5,36,34,35.4,33.2,22.4,6.3,7.3,-2,-0.7,0.2,6.8,12.4,18.1,20.1,21.5,23.4,19,9.9,48.46,65.1,41,10.8,10.7,44.3,26,38.8,8.6,15,1,16.7,92.5,1650,38,48.083333,2
2,26.588,26.39,26.96,27.7,27.83,27.49,27.1,26.79,26.71,26.67,26.63,26.52,26.12,28.098,28.11,27.96,28.41,28.7,28.83,28.71,28.76,28.81,28.85,28.68,28.53,28.15,26.375,26.03,27.08,27.43,26.88,26.01,25.35,24.76,24.75,24.97,25.06,25.26,25.43,26.185,25.94,26.07,24.63,23.45,21.65,20.63,20.31,20.28,20.6,21.58,22.83,24.71,-0.638,-0.96,-2.09,0.6,0.58,0.83,0.7,1.12,0.38,-0.88,0.81,0.79,-0.17,-0.773,-1.007,-3.185,0.322,0.494,0.549,-0.011,0.154,-0.461,0.263,2.029,1.475,-0.969,2.71,-12.82,-8.4,-10.2,-2.6,4,5.4,11,11,2.8,-2,-1.8,-18.6,-13.6,13.46,15.4,22.4,24,29,32.8,39.4,35.8,35,28.4,18.2,15.6,10.2,0.9,3.5,7.4,11.3,14.6,20.6,24.1,22.5,19.7,11.1,6.5,-3.5,-1.3,29.83,19.8,29.4,14.1,49.2,0.5,0,4.6,0,6.5,79.8,69.7,11.9,1663,36.6751,48.4845,2
4,27.712,27.7,27.83,27.49,27.1,26.79,26.71,26.67,26.63,26.52,26.12,26.16,26.89,28.565,28.41,28.7,28.83,28.71,28.76,28.81,28.85,28.68,28.53,28.15,28.23,28.44,27.566,27.43,26.88,26.01,25.35,24.76,24.75,24.97,25.06,25.26,25.43,25.98,27.09,25.456,24.63,23.45,21.65,20.63,20.31,20.28,20.6,21.58,22.83,24.71,25.74,26.26,0.28,0.6,0.58,0.83,0.7,1.12,0.38,-0.88,0.81,0.79,-0.17,1.07,0.44,0.3032,0.322,0.494,0.549,-0.011,0.154,-0.461,0.263,2.029,1.475,-0.969,0.044,1.206,2.74,-2.48,-2.6,4,5.4,11,11,2.8,-2,-1.8,-18.6,-13.6,-14.8,-5.2,24.4,24,29,32.8,39.4,35.8,35,28.4,18.2,15.6,10.2,15.4,17.8,10.91,11.3,14.6,20.6,24.1,22.5,19.7,11.1,6.5,-3.5,-1.3,-0.7,6.5,61.67,14.1,49.2,0.5,0,4.6,0,6.5,79.8,69.7,11.9,27.9,61.7,1663,36.6751,48.4845,2
4,27.712,27.7,27.83,27.49,27.1,26.79,26.71,26.67,26.63,26.52,26.12,26.16,26.89,28.565,28.41,28.7,28.83,28.71,28.76,28.81,28.85,28.68,28.53,28.15,28.23,28.44,27.566,27.43,26.88,26.01,25.35,24.76,24.75,24.97,25.06,25.26,25.43,25.98,27.09,25.456,24.63,23.45,21.65,20.63,20.31,20.28,20.6,21.58,22.83,24.71,25.74,26.26,0.28,0.6,0.58,0.83,0.7,1.12,0.38,-0.88,0.81,0.79,-0.17,1.07,0.44,0.3032,0.322,0.494,0.549,-0.011,0.154,-0.461,0.263,2.029,1.475,-0.969,0.044,1.206,3.24,-3.32,-5,2.4,3.2,8,8.5,1.7,-4.1,-4.1,-24.8,-19.9,-23.2,-5.5,24.46,25.2,28.8,36,38.4,36.5,34.6,28.4,20.2,14.9,11.4,15.6,19.1,10.45,10.2,14.3,20.6,24.5,24,19.1,11.5,7.7,-6.5,-1.5,-0.7,7.1,65.63,46.3,46.1,0,0,0,0,3.1,84,83.2,44.1,10.7,55.4,1522.8,36.246389,46.266389,2
4,27.712,27.7,27.83,27.49,27.1,26.79,26.71,26.67,26.63,26.52,26.12,26.16,26.89,28.565,28.41,28.7,28.83,28.71,28.76,28.81,28.85,28.68,28.53,28.15,28.23,28.44,27.566,27.43,26.88,26.01,25.35,24.76,24.75,24.97,25.06,25.26,25.43,25.98,27.09,25.456,24.63,23.45,21.65,20.63,20.31,20.28,20.6,21.58,22.83,24.71,25.74,26.26,0.28,0.6,0.58,0.83,0.7,1.12,0.38,-0.88,0.81,0.79,-0.17,1.07,0.44,0.3032,0.322,0.494,0.549,-0.011,0.154,-0.461,0.263,2.029,1.475,-0.969,0.044,1.206,3.97,-1.13,1,3.7,9.8,14.2,13.8,7.2,0.4,0,-19.2,-17.8,-17.7,-2.7,22.54,22.4,27.6,35.6,37.8,35,33,26.7,17.3,15.2,9.7,14.2,18.2,10.86,11.1,14.4,22.1,26.8,25.1,21.1,13.2,7.2,-2.8,-2.2,-0.9,7.1,63.81,29.4,35.5,0.2,0,0,0,2.8,100.6,82.9,23.5,16.4,47.1,1906,35.166389,47.804444,2
2,26.588,26.39,26.96,27.7,27.83,27.49,27.1,26.79,26.71,26.67,26.63,26.52,26.12,28.098,28.11,27.96,28.41,28.7,28.83,28.71,28.76,28.81,28.85,28.68,28.53,28.15,26.375,26.03,27.08,27.43,26.88,26.01,25.35,24.76,24.75,24.97,25.06,25.26,25.43,26.185,25.94,26.07,24.63,23.45,21.65,20.63,20.31,20.28,20.6,21.58,22.83,24.71,-0.638,-0.96,-2.09,0.6,0.58,0.83,0.7,1.12,0.38,-0.88,0.81,0.79,-0.17,-0.773,-1.007,-3.185,0.322,0.494,0.549,-0.011,0.154,-0.461,0.263,2.029,1.475,-0.969,2.9625,-9.5375,-6.4,-5.4,0.8,5.4,7,10.4,10,4.3,0,-0.3,-9.2,-9.5,16.675,17.6,24.4,26.4,31,37.8,41.3,39,36.8,30.1,20,17.4,13.8,4.5625,6.4,10.7,14.6,17.7,26.1,30.4,29.3,23.8,17.6,10.2,3.3,3,82.9375,42.1,16.8,24.7,77.1,0,0,0,0,0,144.6,87.5,48.8,1464,34.795556,46.935556,2
5,27.868,27.83,27.49,27.1,26.79,26.71,26.67,26.63,26.52,26.12,26.16,26.89,27.71,28.868,28.7,28.83,28.71,28.76,28.81,28.85,28.68,28.53,28.15,28.23,28.44,28.91,27.214,26.88,26.01,25.35,24.76,24.75,24.97,25.06,25.26,25.43,25.98,27.09,27.65,24.301,23.45,21.65,20.63,20.31,20.28,20.6,21.58,22.83,24.71,25.74,26.26,25.56,-0.272,0.58,0.83,0.7,1.12,0.38,-0.88,0.81,0.79,-0.17,1.07,0.44,0.19,-0.011,0.494,0.549,-0.011,0.154,-0.461,0.263,2.029,1.475,-0.969,0.044,1.206,0.972,1.6,1.133333333,1.9,5,8.5,8.4,1.1,-4.4,-3.6,-18.7,-17.8,-17.4,-5.8,-7.2,19.2,28.6,35.4,38.5,36.3,32.8,27.3,17.3,14,10.6,15.7,18,23.6,11.4,15.9,24,28.2,26,20.8,13.7,6.7,-2.7,-3,-0.4,7.4,12.3,18.83333333,35.9,0.5,0,0,0,16,66.8,91,39.6,22,58.3,22.5,1607,34.8,48.15,2
5,27.868,27.83,27.49,27.1,26.79,26.71,26.67,26.63,26.52,26.12,26.16,26.89,27.71,28.868,28.7,28.83,28.71,28.76,28.81,28.85,28.68,28.53,28.15,28.23,28.44,28.91,27.214,26.88,26.01,25.35,24.76,24.75,24.97,25.06,25.26,25.43,25.98,27.09,27.65,24.301,23.45,21.65,20.63,20.31,20.28,20.6,21.58,22.83,24.71,25.74,26.26,25.56,-0.272,0.58,0.83,0.7,1.12,0.38,-0.88,0.81,0.79,-0.17,1.07,0.44,0.19,-0.011,0.494,0.549,-0.011,0.154,-0.461,0.263,2.029,1.475,-0.969,0.044,1.206,0.972,2.07,4.82,5.4,7.8,13.2,14,7,1.4,0.6,-8.6,-11.6,-14.8,-2.2,-4.6,29.84,29.2,37,39.4,36.4,33.8,28,17.6,15,11,16,18.2,24.8,16.68,15.7,22.8,27.6,26.2,21,14,8.4,1.2,0.1,1,7.9,12.7,32.59,17.6,0,0,0,0,18,45.1,102,40.6,37.6,47,24.1,1783.2,34.566667,48.35,2
2,26.588,26.39,26.96,27.7,27.83,27.49,27.1,26.79,26.71,26.67,26.63,26.52,26.12,28.098,28.11,27.96,28.41,28.7,28.83,28.71,28.76,28.81,28.85,28.68,28.53,28.15,26.375,26.03,27.08,27.43,26.88,26.01,25.35,24.76,24.75,24.97,25.06,25.26,25.43,26.185,25.94,26.07,24.63,23.45,21.65,20.63,20.31,20.28,20.6,21.58,22.83,24.71,-0.638,-0.96,-2.09,0.6,0.58,0.83,0.7,1.12,0.38,-0.88,0.81,0.79,-0.17,-0.773,-1.007,-3.185,0.322,0.494,0.549,-0.011,0.154,-0.461,0.263,2.029,1.475,-0.969,2.033333333,-9,-11,-6.8,-1.6,2,8.8,12.6,12.2,4,-2,-2.2,-17.8,-20.6,9.266666667,15.8,22,23.4,28.6,34.4,40.2,37.6,34.2,29.2,16.6,15.6,10,1.433333333,4.7,9,13,17.1,25.2,30.1,27.5,23.3,14.8,7.5,-2,-2.3,20.13333333,21.2,24.6,18.2,31.4,0,0,0,0,18.1,92.5,79.7,13.8,1803,35.416667,49,2
12,26.511,26.52,26.12,26.16,26.89,27.71,28.01,27.68,27.28,26.9,27.03,27.25,27.52,28.533,28.53,28.15,28.23,28.44,28.91,29.16,29.05,29.05,29.11,29.24,29.28,29.37,25.129,25.26,25.43,25.98,27.09,27.65,27.67,27.11,26.3,25.41,25.36,25.72,26.03,22.667,22.83,24.71,25.74,26.26,25.56,25.16,24.32,23.12,22.03,21.47,21.66,22.39,0.099,0.79,-0.17,1.07,0.44,0.19,-0.8,-0.67,0.21,-2.28,1.72,-0.87,0.58,-0.122,1.475,-0.969,0.044,1.206,0.972,0.464,-0.507,-0.489,-0.372,0.102,-1.134,-0.53,2.466666667,-11.86666667,-16,-21.6,-22.4,-5.8,-7,2.6,7.8,15.4,13.6,5.8,1.8,-6.6,14.86666667,16.4,10.2,17.6,19.2,26.8,31.6,37.2,40.4,39.6,35.6,30,17.2,1.1,-1.1,-3.2,-0.7,8.8,14.1,19.4,26.3,30.1,29.4,24.1,14.8,6.2,31.1,64,14.1,24.5,44.6,17.2,37,0.5,2,0.1,0,38.3,25.9,1628,35.114167,48.971667,2
5,27.868,27.83,27.49,27.1,26.79,26.71,26.67,26.63,26.52,26.12,26.16,26.89,27.71,28.868,28.7,28.83,28.71,28.76,28.81,28.85,28.68,28.53,28.15,28.23,28.44,28.91,27.214,26.88,26.01,25.35,24.76,24.75,24.97,25.06,25.26,25.43,25.98,27.09,27.65,24.301,23.45,21.65,20.63,20.31,20.28,20.6,21.58,22.83,24.71,25.74,26.26,25.56,-0.272,0.58,0.83,0.7,1.12,0.38,-0.88,0.81,0.79,-0.17,1.07,0.44,0.19,-0.011,0.494,0.549,-0.011,0.154,-0.461,0.263,2.029,1.475,-0.969,0.044,1.206,0.972,2.366666667,2.7,3.4,8.5,12.4,13,4.5,-2.1,-1.8,-15.3,-22.5,-21.5,-5.1,-6.5,20.3,29.6,36.7,41,38.1,34.6,29.1,17.4,17.2,11.2,17.5,19.6,25.7,12.83333333,18,26.2,30.6,28.1,23.2,15.3,8.1,-0.5,-3.6,-1,9,14.3,9.7,24.6,0,0,0,0,5,73.7,78.7,14.6,37.5,42.7,14.7,1610,34.860278,49.004722,2
12,26.511,26.52,26.12,26.16,26.89,27.71,28.01,27.68,27.28,26.9,27.03,27.25,27.52,28.533,28.53,28.15,28.23,28.44,28.91,29.16,29.05,29.05,29.11,29.24,29.28,29.37,25.129,25.26,25.43,25.98,27.09,27.65,27.67,27.11,26.3,25.41,25.36,25.72,26.03,22.667,22.83,24.71,25.74,26.26,25.56,25.16,24.32,23.12,22.03,21.47,21.66,22.39,0.099,0.79,-0.17,1.07,0.44,0.19,-0.8,-0.67,0.21,-2.28,1.72,-0.87,0.58,-0.122,1.475,-0.969,0.044,1.206,0.972,0.464,-0.507,-0.489,-0.372,0.102,-1.134,-0.53,2.12,-8.46,-8.8,-13.4,-19,-2.6,-4.6,5,7.8,13.8,12.8,8.2,2,-4.4,15.3,17,14.4,18.2,20.2,25.8,31.4,37,39.4,38.4,36.6,29.8,18.8,2.81,1.9,-0.8,1.2,10.1,14.8,20.3,25.7,29.5,29,24.3,16.3,8.1,39.23,87.1,52.9,34.7,57.2,50.2,48.5,10.4,0,2.2,0,58.2,64,1680.9,34.233333,48.233333,2
1,26.399,26.15,26.39,26.96,27.7,27.83,27.49,27.1,26.79,26.71,26.67,26.63,26.52,28.279,28.45,28.11,27.96,28.41,28.7,28.83,28.71,28.76,28.81,28.85,28.68,28.53,25.572,25.11,26.03,27.08,27.43,26.88,26.01,25.35,24.76,24.75,24.97,25.06,25.26,24.652,24.47,25.94,26.07,24.63,23.45,21.65,20.63,20.31,20.28,20.6,21.58,22.83,-0.144,-0.11,-0.96,-2.09,0.6,0.58,0.83,0.7,1.12,0.38,-0.88,0.81,0.79,-0.2947,-0.61,-1.007,-3.185,0.322,0.494,0.549,-0.011,0.154,-0.461,0.263,2.029,1.475,1.6,-19.09,-15.7,-9.6,-10.5,-2.4,3,6.8,11.5,11.6,3,-2.9,-1.8,-17.8,10.63,14.4,16.7,22.3,24.1,29.8,37.3,39.6,36.8,34.9,28.5,18,15.8,-2.94,0.7,3.6,8.2,11.3,15.1,22.3,27.1,25.1,19.9,12.6,7,-3.4,32.36,12.5,4.3,25.3,26.1,23.1,0,0,0,0,11.4,85.3,80.6,1741.5,34.7982,48.5146,2
5,27.868,27.83,27.49,27.1,26.79,26.71,26.67,26.63,26.52,26.12,26.16,26.89,27.71,28.868,28.7,28.83,28.71,28.76,28.81,28.85,28.68,28.53,28.15,28.23,28.44,28.91,27.214,26.88,26.01,25.35,24.76,24.75,24.97,25.06,25.26,25.43,25.98,27.09,27.65,24.301,23.45,21.65,20.63,20.31,20.28,20.6,21.58,22.83,24.71,25.74,26.26,25.56,-0.272,0.58,0.83,0.7,1.12,0.38,-0.88,0.81,0.79,-0.17,1.07,0.44,0.19,-0.011,0.494,0.549,-0.011,0.154,-0.461,0.263,2.029,1.475,-0.969,0.044,1.206,0.972,2.51,3.31,3,6.8,11.5,11.6,3,-2.9,-1.8,-17.8,-23.4,-21.7,-4.5,-6.1,30.17,29.8,37.3,39.6,36.8,34.9,28.5,18,15.8,10.5,17,19.7,25.3,16.07,15.1,22.3,27.1,25.1,19.9,12.6,7,-3.4,-4.1,-2.5,7.1,12.3,26.32,23.1,0,0,0,0,11.4,85.3,80.6,30.1,50,46.3,13.9,1741.5,34.7982,48.5146,2
10,26.733,26.67,26.63,26.52,26.12,26.16,26.89,27.71,28.01,27.68,27.28,26.9,27.03,28.81,28.85,28.68,28.53,28.15,28.23,28.44,28.91,29.16,29.05,29.05,29.11,29.24,25.018,24.97,25.06,25.26,25.43,25.98,27.09,27.65,27.67,27.11,26.3,25.41,25.36,20.748,20.6,21.58,22.83,24.71,25.74,26.26,25.56,25.16,24.32,23.12,22.03,21.47,-0.447,-0.88,0.81,0.79,-0.17,1.07,0.44,0.19,-0.8,-0.67,0.21,-2.28,1.72,-0.1913,0.263,2.029,1.475,-0.969,0.044,1.206,0.972,0.464,-0.507,-0.489,-0.372,0.102,1.78,-0.79,-2.9,-1.8,-17.8,-23.4,-21.7,-4.5,-6.1,3.7,7.4,11.7,11.2,6.9,28.25,28.5,18,15.8,10.5,17,19.7,25.3,30.4,36.9,38.8,39.1,34.6,13.55,12.6,7,-3.4,-4.1,-2.5,7.1,12.3,16.7,22.9,26.6,25.8,21,25.95,11.4,85.3,80.6,30.1,50,46.3,13.9,27.3,0.4,0.3,0.2,0,1741.5,34.7982,48.5146,2
